"year","day","abs","AllSRpres","Jpres","Kpres","Lpres"
"1991",140,0,0,0,0,0
"1991",141,0,0,0,0,0
"1991",142,0,0,0,0,0
"1991",143,0,0,0,0,0
"1991",144,0,0,0,0,0
"1991",145,0,0,0,0,0
"1991",146,0,1,1,0,0
"1991",147,0,1,0,1,0
"1991",148,0,0,0,0,0
"1991",149,0,1,0,1,0
"1991",150,0,1,0,1,0
"1991",151,0,1,0,1,0
"1991",152,0,1,1,1,0
"1991",153,0,0,0,0,0
"1991",154,0,0,0,0,0
"1991",155,0,0,0,0,0
"1991",156,0,1,0,1,0
"1991",157,0,1,0,1,0
"1991",158,0,0,0,0,0
"1991",159,0,0,0,0,0
"1991",160,0,0,0,0,0
"1991",161,0,0,0,0,0
"1991",162,0,0,0,0,0
"1991",163,0,1,1,1,0
"1991",164,0,1,1,1,0
"1991",165,0,1,0,1,0
"1991",166,0,1,0,1,0
"1991",167,0,0,0,0,0
"1991",168,0,0,0,0,0
"1991",169,0,0,0,0,0
"1991",170,0,1,1,1,1
"1991",171,0,0,0,0,0
"1991",172,0,0,0,0,0
"1991",173,0,1,0,1,0
"1991",174,0,1,1,0,0
"1991",175,0,0,0,0,0
"1991",176,0,0,0,0,0
"1991",177,0,1,1,1,0
"1991",178,0,0,0,0,0
"1991",179,0,1,0,1,0
"1991",180,0,1,1,0,0
"1991",181,0,0,0,0,0
"1991",182,0,1,1,1,1
"1991",183,0,1,0,0,1
"1991",184,0,1,1,0,0
"1991",185,0,0,0,0,0
"1991",186,0,0,0,0,0
"1991",187,0,0,0,0,0
"1991",188,0,1,1,1,0
"1991",189,0,1,0,1,0
"1991",190,0,1,1,0,0
"1991",191,0,0,0,0,0
"1991",192,0,0,0,0,0
"1991",193,0,1,0,1,0
"1991",194,0,0,0,0,0
"1991",195,0,1,0,1,0
"1991",196,0,0,0,0,0
"1991",197,0,0,0,0,0
"1991",198,0,1,1,1,0
"1991",199,0,0,0,0,0
"1991",200,0,0,0,0,0
"1991",201,0,0,0,0,0
"1991",202,0,1,0,0,1
"1991",203,0,0,0,0,0
"1991",204,0,0,0,0,0
"1991",205,0,0,0,0,0
"1991",206,0,1,1,1,0
"1991",207,0,1,1,1,1
"1991",208,0,1,1,1,0
"1991",209,0,0,0,0,0
"1991",210,0,0,0,0,0
"1991",211,0,0,0,0,0
"1991",212,0,1,1,1,0
"1991",213,0,0,0,0,0
"1991",214,0,0,0,0,0
"1991",215,0,1,0,0,1
"1991",216,0,1,1,1,1
"1991",217,0,0,0,0,0
"1991",218,0,0,0,0,0
"1991",219,0,0,0,0,0
"1991",220,0,1,1,0,0
"1991",221,0,0,0,0,0
"1991",222,0,0,0,0,0
"1991",223,0,0,0,0,0
"1991",224,0,0,0,0,0
"1991",225,0,0,0,0,0
"1991",226,0,0,0,0,0
"1991",227,0,0,0,0,0
"1991",228,0,0,0,0,0
"1991",229,0,0,0,0,0
"1991",230,0,0,0,0,0
"1991",231,0,0,0,0,0
"1991",232,0,0,0,0,0
"1991",233,0,0,0,0,0
"1991",234,0,0,0,0,0
"1991",235,0,0,0,0,0
"1991",236,0,0,0,0,0
"1991",237,0,0,0,0,0
"1991",238,0,0,0,0,0
"1991",239,0,0,0,0,0
"1991",240,0,0,0,0,0
"1991",241,0,0,0,0,0
"1991",242,0,0,0,0,0
"1991",243,0,0,0,0,0
"1991",244,0,0,0,0,0
"1991",245,0,0,0,0,0
"1991",246,0,0,0,0,0
"1991",247,0,0,0,0,0
"1991",248,0,0,0,0,0
"1991",249,0,0,0,0,0
"1991",250,0,0,0,0,0
"1991",251,0,0,0,0,0
"1991",252,0,0,0,0,0
"1991",253,0,0,0,0,0
"1991",254,0,0,0,0,0
"1991",255,0,0,0,0,0
"1991",256,0,0,0,0,0
"1991",257,0,0,0,0,0
"1991",258,0,0,0,0,0
"1991",259,0,0,0,0,0
"1991",260,0,0,0,0,0
"1991",261,0,0,0,0,0
"1991",262,0,0,0,0,0
"1991",263,0,0,0,0,0
"1991",264,0,0,0,0,0
"1991",265,0,0,0,0,0
"1991",266,0,0,0,0,0
"1991",267,0,0,0,0,0
"1991",268,0,0,0,0,0
"1994",140,0,1,1,0,0
"1994",141,0,0,0,0,0
"1994",142,0,1,1,0,0
"1994",143,0,1,1,0,0
"1994",144,0,0,0,0,0
"1994",145,0,1,1,0,0
"1994",146,0,0,0,0,0
"1994",147,0,1,1,0,0
"1994",148,0,1,1,0,0
"1994",149,0,1,1,0,0
"1994",150,0,1,1,0,0
"1994",151,0,1,1,0,0
"1994",152,0,1,1,0,0
"1994",153,0,1,1,1,1
"1994",154,0,0,0,0,0
"1994",155,0,1,1,1,0
"1994",156,0,0,0,0,0
"1994",157,0,1,1,0,0
"1994",158,0,1,0,1,1
"1994",159,0,1,0,1,1
"1994",160,0,1,1,1,1
"1994",161,0,1,1,1,1
"1994",162,0,0,0,0,0
"1994",163,0,1,1,1,0
"1994",164,0,1,0,0,1
"1994",165,0,1,0,0,1
"1994",166,0,1,0,0,1
"1994",167,0,1,1,1,1
"1994",168,0,0,0,0,0
"1994",169,0,1,1,1,0
"1994",170,0,1,1,1,0
"1994",171,0,0,0,0,0
"1994",172,0,1,0,1,1
"1994",173,0,1,0,1,1
"1994",174,0,1,1,1,0
"1994",175,0,1,0,1,0
"1994",176,0,1,0,0,1
"1994",177,0,0,0,0,0
"1994",178,0,1,0,1,0
"1994",179,0,1,0,1,0
"1994",180,0,1,0,1,0
"1994",181,0,1,1,1,0
"1994",182,0,1,1,1,0
"1994",183,0,1,1,1,1
"1994",184,0,0,0,0,0
"1994",185,0,1,0,1,0
"1994",186,0,1,1,1,1
"1994",187,0,1,0,0,1
"1994",188,0,0,0,0,0
"1994",189,0,0,0,0,0
"1994",190,0,0,0,0,0
"1994",191,0,1,0,0,1
"1994",192,0,1,1,0,1
"1994",193,0,0,0,0,0
"1994",194,0,0,0,0,0
"1994",195,0,1,0,0,1
"1994",196,0,0,0,0,0
"1994",197,0,0,0,0,0
"1994",198,0,1,0,0,1
"1994",199,0,0,0,0,0
"1994",200,0,1,0,1,0
"1994",201,0,0,0,0,0
"1994",202,0,1,1,1,1
"1994",203,0,1,1,0,0
"1994",204,0,0,0,0,0
"1994",205,0,0,0,0,0
"1994",206,0,1,1,1,0
"1994",207,0,0,0,0,0
"1994",208,0,1,0,0,1
"1994",209,0,1,0,0,1
"1994",210,0,0,0,0,0
"1994",211,0,1,1,1,0
"1994",212,0,0,0,0,0
"1994",213,0,0,0,0,0
"1994",214,0,0,0,0,0
"1994",215,0,0,0,0,0
"1994",216,0,0,0,0,0
"1994",217,0,0,0,0,0
"1994",218,0,0,0,0,0
"1994",219,0,0,0,0,0
"1994",220,0,0,0,0,0
"1994",221,0,0,0,0,0
"1994",222,0,1,0,0,1
"1994",223,0,0,0,0,0
"1994",224,0,0,0,0,0
"1994",225,0,0,0,0,0
"1994",226,0,0,0,0,0
"1994",227,0,0,0,0,0
"1994",228,0,0,0,0,0
"1994",229,0,0,0,0,0
"1994",230,0,0,0,0,0
"1994",231,0,0,0,0,0
"1994",232,0,0,0,0,0
"1994",233,0,0,0,0,0
"1994",234,0,0,0,0,0
"1994",235,0,0,0,0,0
"1994",236,0,0,0,0,0
"1994",237,0,0,0,0,0
"1994",238,0,0,0,0,0
"1994",239,0,0,0,0,0
"1994",240,0,0,0,0,0
"1994",241,0,0,0,0,0
"1994",242,0,0,0,0,0
"1994",243,0,0,0,0,0
"1994",244,0,0,0,0,0
"1994",245,0,0,0,0,0
"1994",246,0,0,0,0,0
"1994",247,0,0,0,0,0
"1994",248,0,0,0,0,0
"1994",249,0,0,0,0,0
"1994",250,0,0,0,0,0
"1994",251,0,0,0,0,0
"1994",252,0,0,0,0,0
"1994",253,0,0,0,0,0
"1994",254,0,0,0,0,0
"1994",255,0,0,0,0,0
"1994",256,0,0,0,0,0
"1994",257,0,0,0,0,0
"1994",258,0,0,0,0,0
"1994",259,0,0,0,0,0
"1994",260,0,0,0,0,0
"1994",261,0,0,0,0,0
"1994",262,0,0,0,0,0
"1994",263,0,0,0,0,0
"1994",264,0,0,0,0,0
"1994",265,0,0,0,0,0
"1994",266,0,0,0,0,0
"1994",267,0,0,0,0,0
"1994",268,0,0,0,0,0
"1995",140,0,1,0,0,1
"1995",141,0,1,0,1,0
"1995",142,0,1,1,1,0
"1995",143,0,1,0,1,0
"1995",144,0,1,1,1,0
"1995",145,0,1,0,0,1
"1995",146,0,1,0,1,0
"1995",147,0,1,1,0,0
"1995",148,0,1,1,1,0
"1995",149,0,1,0,1,0
"1995",150,0,1,0,1,0
"1995",151,0,1,0,0,1
"1995",152,0,1,0,1,1
"1995",153,0,1,1,1,0
"1995",154,0,1,0,1,0
"1995",155,0,1,0,1,0
"1995",156,0,1,0,0,1
"1995",157,0,1,0,1,0
"1995",158,0,1,0,1,0
"1995",159,0,1,0,1,0
"1995",160,0,1,0,1,0
"1995",161,0,1,1,1,1
"1995",162,0,1,0,1,0
"1995",163,0,1,0,1,0
"1995",164,0,1,0,0,1
"1995",165,0,1,1,0,0
"1995",166,0,1,1,1,1
"1995",167,0,1,1,1,0
"1995",168,0,1,0,1,0
"1995",169,0,1,1,0,0
"1995",170,0,1,1,0,0
"1995",171,0,1,0,1,0
"1995",172,0,1,0,1,1
"1995",173,0,1,0,0,1
"1995",174,0,1,0,0,1
"1995",175,0,1,0,0,1
"1995",176,0,0,0,0,0
"1995",177,0,0,0,0,0
"1995",178,0,0,0,0,0
"1995",179,0,1,0,0,1
"1995",180,0,1,0,0,1
"1995",181,0,0,0,0,0
"1995",182,0,1,0,0,1
"1995",183,0,1,0,0,1
"1995",184,0,0,0,0,0
"1995",185,0,0,0,0,0
"1995",186,0,1,0,0,1
"1995",187,0,0,0,0,0
"1995",188,0,0,0,0,0
"1995",189,0,1,1,1,0
"1995",190,0,0,0,0,0
"1995",191,0,0,0,0,0
"1995",192,0,1,1,1,1
"1995",193,0,0,0,0,0
"1995",194,0,0,0,0,0
"1995",195,0,0,0,0,0
"1995",196,0,1,1,0,0
"1995",197,0,1,0,0,1
"1995",198,0,1,1,1,0
"1995",199,0,0,0,0,0
"1995",200,0,0,0,0,0
"1995",201,0,1,0,1,0
"1995",202,0,0,0,0,0
"1995",203,0,1,1,0,1
"1995",204,0,0,0,0,0
"1995",205,0,0,0,0,0
"1995",206,0,0,0,0,0
"1995",207,0,1,1,1,1
"1995",208,0,1,1,1,1
"1995",209,0,1,0,0,1
"1995",210,0,0,0,0,0
"1995",211,0,0,0,0,0
"1995",212,0,0,0,0,0
"1995",213,0,1,0,1,0
"1995",214,0,1,0,1,0
"1995",215,0,0,0,0,0
"1995",216,0,0,0,0,0
"1995",217,0,0,0,0,0
"1995",218,0,0,0,0,0
"1995",219,0,0,0,0,0
"1995",220,0,1,1,1,0
"1995",221,0,1,0,0,1
"1995",222,0,0,0,0,0
"1995",223,0,0,0,0,0
"1995",224,0,0,0,0,0
"1995",225,0,0,0,0,0
"1995",226,0,0,0,0,0
"1995",227,0,0,0,0,0
"1995",228,0,0,0,0,0
"1995",229,0,0,0,0,0
"1995",230,0,0,0,0,0
"1995",231,0,0,0,0,0
"1995",232,0,0,0,0,0
"1995",233,0,0,0,0,0
"1995",234,0,0,0,0,0
"1995",235,0,0,0,0,0
"1995",236,0,0,0,0,0
"1995",237,0,0,0,0,0
"1995",238,0,0,0,0,0
"1995",239,0,0,0,0,0
"1995",240,0,0,0,0,0
"1995",241,0,0,0,0,0
"1995",242,0,0,0,0,0
"1995",243,0,0,0,0,0
"1995",244,0,0,0,0,0
"1995",245,0,0,0,0,0
"1995",246,0,0,0,0,0
"1995",247,0,0,0,0,0
"1995",248,0,0,0,0,0
"1995",249,0,0,0,0,0
"1995",250,0,0,0,0,0
"1995",251,0,0,0,0,0
"1995",252,0,0,0,0,0
"1995",253,0,0,0,0,0
"1995",254,0,0,0,0,0
"1995",255,0,0,0,0,0
"1995",256,0,0,0,0,0
"1995",257,0,0,0,0,0
"1995",258,0,0,0,0,0
"1995",259,0,0,0,0,0
"1995",260,0,0,0,0,0
"1995",261,0,0,0,0,0
"1995",262,0,0,0,0,0
"1995",263,0,0,0,0,0
"1995",264,0,0,0,0,0
"1995",265,0,0,0,0,0
"1995",266,0,0,0,0,0
"1995",267,0,0,0,0,0
"1995",268,0,0,0,0,0
"1996",140,0,0,0,0,0
"1996",141,0,1,1,0,0
"1996",142,0,0,0,0,0
"1996",143,0,0,0,0,0
"1996",144,0,0,0,0,0
"1996",145,0,0,0,0,0
"1996",146,0,1,1,0,0
"1996",147,0,0,0,0,0
"1996",148,0,1,1,0,0
"1996",149,0,1,1,0,0
"1996",150,0,1,1,0,0
"1996",151,0,0,0,0,0
"1996",152,0,1,1,0,0
"1996",153,0,1,1,0,0
"1996",154,0,0,0,0,0
"1996",155,0,0,0,0,0
"1996",156,0,1,1,1,0
"1996",157,0,1,0,1,0
"1996",158,0,1,0,1,0
"1996",159,0,1,1,1,0
"1996",160,0,1,0,1,0
"1996",161,0,1,0,1,0
"1996",162,0,1,0,1,0
"1996",163,0,1,0,1,0
"1996",164,0,1,0,1,0
"1996",165,0,1,1,1,0
"1996",166,0,1,0,1,0
"1996",167,0,1,1,1,0
"1996",168,0,1,1,1,0
"1996",169,0,1,1,0,0
"1996",170,0,0,0,0,0
"1996",171,0,1,0,1,0
"1996",172,0,1,1,0,0
"1996",173,0,1,1,1,0
"1996",174,0,1,1,1,0
"1996",175,0,1,0,1,0
"1996",176,0,1,0,1,1
"1996",177,0,1,1,1,0
"1996",178,0,1,1,1,0
"1996",179,0,1,0,1,0
"1996",180,0,1,0,1,0
"1996",181,0,1,1,1,1
"1996",182,0,1,1,1,0
"1996",183,0,1,1,1,0
"1996",184,0,1,0,1,0
"1996",185,0,1,1,1,0
"1996",186,0,1,0,1,0
"1996",187,0,1,1,1,0
"1996",188,0,1,0,1,1
"1996",189,0,1,0,1,1
"1996",190,0,1,0,1,0
"1996",191,0,1,0,1,0
"1996",192,0,0,0,0,0
"1996",193,0,1,1,0,0
"1996",194,0,0,0,0,0
"1996",195,0,0,0,0,0
"1996",196,0,1,1,1,1
"1996",197,0,1,1,0,1
"1996",198,0,1,1,1,0
"1996",199,0,0,0,0,0
"1996",200,0,1,1,1,0
"1996",201,0,1,0,0,1
"1996",202,0,1,0,0,1
"1996",203,0,1,0,0,1
"1996",204,0,0,0,0,0
"1996",205,0,1,0,0,1
"1996",206,0,1,0,1,0
"1996",207,0,0,0,0,0
"1996",208,0,0,0,0,0
"1996",209,0,1,1,1,0
"1996",210,0,0,0,0,0
"1996",211,0,0,0,0,0
"1996",212,0,0,0,0,0
"1996",213,0,1,0,0,1
"1996",214,0,1,0,0,1
"1996",215,0,1,1,1,1
"1996",216,0,0,0,0,0
"1996",217,0,0,0,0,0
"1996",218,0,0,0,0,0
"1996",219,0,1,0,0,1
"1996",220,0,1,1,0,0
"1996",221,0,1,1,1,1
"1996",222,0,0,0,0,0
"1996",223,0,0,0,0,0
"1996",224,0,0,0,0,0
"1996",225,0,0,0,0,0
"1996",226,0,1,1,1,1
"1996",227,0,0,0,0,0
"1996",228,0,0,0,0,0
"1996",229,0,0,0,0,0
"1996",230,0,0,0,0,0
"1996",231,0,0,0,0,0
"1996",232,0,0,0,0,0
"1996",233,0,1,1,1,1
"1996",234,0,1,1,0,0
"1996",235,0,0,0,0,0
"1996",236,0,0,0,0,0
"1996",237,0,0,0,0,0
"1996",238,0,1,1,1,1
"1996",239,0,1,1,1,1
"1996",240,0,1,0,0,1
"1996",241,0,1,1,1,0
"1996",242,0,0,0,0,0
"1996",243,0,1,1,1,0
"1996",244,0,0,0,0,0
"1996",245,0,0,0,0,0
"1996",246,0,0,0,0,0
"1996",247,0,0,0,0,0
"1996",248,0,1,1,1,0
"1996",249,0,0,0,0,0
"1996",250,0,0,0,0,0
"1996",251,0,0,0,0,0
"1996",252,0,0,0,0,0
"1996",253,0,1,0,0,1
"1996",254,0,1,0,0,1
"1996",255,0,0,0,0,0
"1996",256,0,0,0,0,0
"1996",257,0,1,1,1,1
"1996",258,0,1,1,0,1
"1996",259,0,1,0,0,1
"1996",260,0,0,0,0,0
"1996",261,0,0,0,0,0
"1996",262,0,0,0,0,0
"1996",263,0,0,0,0,0
"1996",264,0,1,1,1,0
"1996",265,0,1,1,0,1
"1996",266,0,1,0,0,1
"1996",267,0,1,0,0,1
"1996",268,0,1,0,0,1
"1997",140,0,1,0,1,0
"1997",141,0,1,0,1,0
"1997",142,0,1,0,1,0
"1997",143,0,1,0,1,0
"1997",144,0,1,1,1,0
"1997",145,0,1,1,0,0
"1997",146,0,1,1,0,0
"1997",147,0,1,1,0,0
"1997",148,0,1,1,1,0
"1997",149,0,1,0,0,1
"1997",150,0,0,0,0,0
"1997",151,0,1,0,1,1
"1997",152,0,1,0,1,1
"1997",153,0,0,0,0,0
"1997",154,0,0,0,0,0
"1997",155,0,1,0,1,0
"1997",156,0,1,1,1,0
"1997",157,0,1,0,1,1
"1997",158,0,1,1,0,0
"1997",159,0,1,0,1,1
"1997",160,0,1,1,1,1
"1997",161,0,1,1,1,1
"1997",162,0,1,1,1,1
"1997",163,0,1,0,0,1
"1997",164,0,1,0,1,1
"1997",165,0,1,0,0,1
"1997",166,0,1,1,1,1
"1997",167,0,0,0,0,0
"1997",168,0,1,0,1,0
"1997",169,0,1,1,1,1
"1997",170,0,1,0,1,1
"1997",171,0,1,1,1,1
"1997",172,0,1,0,1,1
"1997",173,0,1,0,1,0
"1997",174,0,0,0,0,0
"1997",175,0,1,1,1,1
"1997",176,0,1,0,0,1
"1997",177,0,1,0,0,1
"1997",178,0,1,1,1,0
"1997",179,0,1,0,0,1
"1997",180,0,1,1,1,1
"1997",181,0,1,0,0,1
"1997",182,0,1,0,0,1
"1997",183,0,1,1,1,1
"1997",184,0,0,0,0,0
"1997",185,0,0,0,0,0
"1997",186,0,1,1,1,0
"1997",187,0,1,1,1,0
"1997",188,0,1,1,1,1
"1997",189,0,0,0,0,0
"1997",190,0,1,0,1,0
"1997",191,0,1,0,1,0
"1997",192,0,1,0,0,1
"1997",193,0,1,1,0,1
"1997",194,0,0,0,0,0
"1997",195,0,1,0,1,1
"1997",196,0,0,0,0,0
"1997",197,0,0,0,0,0
"1997",198,0,1,0,0,1
"1997",199,0,0,0,0,0
"1997",200,0,0,0,0,0
"1997",201,0,0,0,0,0
"1997",202,0,0,0,0,0
"1997",203,0,0,0,0,0
"1997",204,0,0,0,0,0
"1997",205,0,1,0,1,1
"1997",206,0,1,0,0,1
"1997",207,0,1,0,1,1
"1997",208,0,1,0,1,0
"1997",209,0,1,0,0,1
"1997",210,0,1,0,0,1
"1997",211,0,1,0,0,1
"1997",212,0,1,0,1,0
"1997",213,0,0,0,0,0
"1997",214,0,0,0,0,0
"1997",215,0,0,0,0,0
"1997",216,0,0,0,0,0
"1997",217,0,1,1,1,1
"1997",218,0,1,0,0,1
"1997",219,0,0,0,0,0
"1997",220,0,1,1,0,1
"1997",221,0,1,0,0,1
"1997",222,0,0,0,0,0
"1997",223,0,0,0,0,0
"1997",224,0,0,0,0,0
"1997",225,0,0,0,0,0
"1997",226,0,0,0,0,0
"1997",227,0,0,0,0,0
"1997",228,0,0,0,0,0
"1997",229,0,0,0,0,0
"1997",230,0,0,0,0,0
"1997",231,0,0,0,0,0
"1997",232,0,0,0,0,0
"1997",233,0,0,0,0,0
"1997",234,0,0,0,0,0
"1997",235,0,0,0,0,0
"1997",236,0,0,0,0,0
"1997",237,0,0,0,0,0
"1997",238,0,0,0,0,0
"1997",239,0,0,0,0,0
"1997",240,0,0,0,0,0
"1997",241,0,0,0,0,0
"1997",242,0,0,0,0,0
"1997",243,0,0,0,0,0
"1997",244,0,0,0,0,0
"1997",245,0,0,0,0,0
"1997",246,0,0,0,0,0
"1997",247,0,0,0,0,0
"1997",248,0,0,0,0,0
"1997",249,0,0,0,0,0
"1997",250,0,0,0,0,0
"1997",251,0,0,0,0,0
"1997",252,0,0,0,0,0
"1997",253,0,0,0,0,0
"1997",254,0,0,0,0,0
"1997",255,0,0,0,0,0
"1997",256,0,0,0,0,0
"1997",257,0,0,0,0,0
"1997",258,0,0,0,0,0
"1997",259,0,0,0,0,0
"1997",260,0,0,0,0,0
"1997",261,0,0,0,0,0
"1997",262,0,0,0,0,0
"1997",263,0,0,0,0,0
"1997",264,0,0,0,0,0
"1997",265,0,0,0,0,0
"1997",266,0,0,0,0,0
"1997",267,0,0,0,0,0
"1997",268,0,0,0,0,0
"1998",140,0,1,1,0,0
"1998",141,0,1,1,0,0
"1998",142,0,1,1,0,0
"1998",143,0,0,0,0,0
"1998",144,0,0,0,0,0
"1998",145,0,1,1,0,0
"1998",146,0,1,1,0,0
"1998",147,0,1,1,0,0
"1998",148,0,1,1,0,1
"1998",149,0,1,1,1,1
"1998",150,0,0,0,0,0
"1998",151,0,1,0,1,0
"1998",152,0,0,0,0,0
"1998",153,0,0,0,0,0
"1998",154,0,0,0,0,0
"1998",155,0,0,0,0,0
"1998",156,0,0,0,0,0
"1998",157,0,1,1,1,0
"1998",158,0,1,0,1,0
"1998",159,0,1,1,1,0
"1998",160,0,1,1,1,1
"1998",161,0,1,0,1,0
"1998",162,0,1,1,1,0
"1998",163,0,1,1,1,1
"1998",164,0,1,1,0,0
"1998",165,0,1,1,1,1
"1998",166,0,1,0,0,1
"1998",167,0,1,1,1,1
"1998",168,0,1,1,1,0
"1998",169,0,0,0,0,0
"1998",170,0,1,0,0,1
"1998",171,0,0,0,0,0
"1998",172,0,0,0,0,0
"1998",173,0,0,0,0,0
"1998",174,0,1,1,1,1
"1998",175,0,0,0,0,0
"1998",176,0,1,1,1,1
"1998",177,0,0,0,0,0
"1998",178,0,1,1,0,0
"1998",179,0,0,0,0,0
"1998",180,0,1,1,1,1
"1998",181,0,0,0,0,0
"1998",182,0,0,0,0,0
"1998",183,0,0,0,0,0
"1998",184,0,1,1,1,0
"1998",185,0,1,1,0,1
"1998",186,0,1,1,0,1
"1998",187,0,1,1,1,0
"1998",188,0,1,1,1,1
"1998",189,0,1,1,0,0
"1998",190,0,1,1,0,1
"1998",191,0,0,0,0,0
"1998",192,0,1,1,1,0
"1998",193,0,0,0,0,0
"1998",194,0,1,0,0,1
"1998",195,0,0,0,0,0
"1998",196,0,1,1,1,1
"1998",197,0,1,0,0,1
"1998",198,0,1,1,1,0
"1998",199,0,1,1,1,1
"1998",200,0,0,0,0,0
"1998",201,0,1,1,1,1
"1998",202,0,1,1,1,0
"1998",203,0,1,1,1,1
"1998",204,0,0,0,0,0
"1998",205,0,0,0,0,0
"1998",206,0,1,0,0,1
"1998",207,0,0,0,0,0
"1998",208,0,0,0,0,0
"1998",209,0,1,1,0,0
"1998",210,0,1,0,0,1
"1998",211,0,0,0,0,0
"1998",212,0,1,1,0,0
"1998",213,0,1,0,0,1
"1998",214,0,0,0,0,0
"1998",215,0,1,0,0,1
"1998",216,0,0,0,0,0
"1998",217,0,0,0,0,0
"1998",218,0,1,1,0,1
"1998",219,0,1,1,0,0
"1998",220,0,0,0,0,0
"1998",221,0,0,0,0,0
"1998",222,0,0,0,0,0
"1998",223,0,0,0,0,0
"1998",224,0,0,0,0,0
"1998",225,0,0,0,0,0
"1998",226,0,0,0,0,0
"1998",227,0,0,0,0,0
"1998",228,0,0,0,0,0
"1998",229,0,0,0,0,0
"1998",230,0,0,0,0,0
"1998",231,0,0,0,0,0
"1998",232,0,0,0,0,0
"1998",233,0,0,0,0,0
"1998",234,0,0,0,0,0
"1998",235,0,0,0,0,0
"1998",236,0,0,0,0,0
"1998",237,0,0,0,0,0
"1998",238,0,0,0,0,0
"1998",239,0,0,0,0,0
"1998",240,0,0,0,0,0
"1998",241,0,0,0,0,0
"1998",242,0,0,0,0,0
"1998",243,0,0,0,0,0
"1998",244,0,0,0,0,0
"1998",245,0,0,0,0,0
"1998",246,0,0,0,0,0
"1998",247,0,0,0,0,0
"1998",248,0,0,0,0,0
"1998",249,0,0,0,0,0
"1998",250,0,0,0,0,0
"1998",251,0,0,0,0,0
"1998",252,0,0,0,0,0
"1998",253,0,0,0,0,0
"1998",254,0,0,0,0,0
"1998",255,0,0,0,0,0
"1998",256,0,0,0,0,0
"1998",257,0,0,0,0,0
"1998",258,0,0,0,0,0
"1998",259,0,0,0,0,0
"1998",260,0,0,0,0,0
"1998",261,0,0,0,0,0
"1998",262,0,0,0,0,0
"1998",263,0,0,0,0,0
"1998",264,0,0,0,0,0
"1998",265,0,0,0,0,0
"1998",266,0,0,0,0,0
"1998",267,0,0,0,0,0
"1998",268,0,0,0,0,0
"1999",140,0,1,1,0,0
"1999",141,0,0,0,0,0
"1999",142,0,1,1,0,0
"1999",143,0,0,0,0,0
"1999",144,0,0,0,0,0
"1999",145,0,1,1,0,0
"1999",146,0,1,1,0,0
"1999",147,0,1,1,0,0
"1999",148,0,0,0,0,0
"1999",149,0,1,1,0,0
"1999",150,0,1,1,0,0
"1999",151,0,1,1,0,0
"1999",152,0,1,1,0,0
"1999",153,0,0,0,0,0
"1999",154,0,1,1,0,0
"1999",155,0,1,1,0,0
"1999",156,0,0,0,0,0
"1999",157,0,0,0,0,0
"1999",158,0,1,1,0,0
"1999",159,0,1,1,0,0
"1999",160,0,1,1,0,0
"1999",161,0,0,0,0,0
"1999",162,0,1,1,0,0
"1999",163,0,1,1,0,0
"1999",164,0,0,0,0,0
"1999",165,0,1,1,0,0
"1999",166,0,1,1,0,0
"1999",167,0,1,1,0,0
"1999",168,0,0,0,0,0
"1999",169,0,1,1,1,0
"1999",170,0,1,0,1,0
"1999",171,0,0,0,0,0
"1999",172,0,0,0,0,0
"1999",173,0,1,1,1,0
"1999",174,0,1,0,1,1
"1999",175,0,0,0,0,0
"1999",176,0,1,1,0,0
"1999",177,0,1,0,1,0
"1999",178,0,0,0,0,0
"1999",179,0,1,1,1,0
"1999",180,0,1,0,1,0
"1999",181,0,1,1,1,0
"1999",182,0,0,0,0,0
"1999",183,0,1,0,1,0
"1999",184,0,0,0,0,0
"1999",185,0,1,1,0,0
"1999",186,0,1,0,1,0
"1999",187,0,1,0,0,1
"1999",188,0,1,1,1,0
"1999",189,0,0,0,0,0
"1999",190,0,1,1,1,1
"1999",191,0,1,1,0,1
"1999",192,0,1,1,0,0
"1999",193,0,1,1,1,1
"1999",194,0,1,1,1,0
"1999",195,0,1,0,1,1
"1999",196,0,1,0,0,1
"1999",197,0,1,1,1,0
"1999",198,0,0,0,0,0
"1999",199,0,0,0,0,0
"1999",200,0,1,1,0,0
"1999",201,0,0,0,0,0
"1999",202,0,0,0,0,0
"1999",203,0,1,1,1,1
"1999",204,0,1,0,0,1
"1999",205,0,0,0,0,0
"1999",206,0,0,0,0,0
"1999",207,0,1,1,0,0
"1999",208,0,1,1,1,1
"1999",209,0,1,0,0,1
"1999",210,0,1,1,1,1
"1999",211,0,0,0,0,0
"1999",212,0,0,0,0,0
"1999",213,0,1,0,0,1
"1999",214,0,1,1,1,1
"1999",215,0,1,1,0,1
"1999",216,0,0,0,0,0
"1999",217,0,1,0,0,1
"1999",218,0,1,1,0,1
"1999",219,0,0,0,0,0
"1999",220,0,1,1,1,1
"1999",221,0,1,1,1,0
"1999",222,0,1,0,0,1
"1999",223,0,0,0,0,0
"1999",224,0,0,0,0,0
"1999",225,0,0,0,0,0
"1999",226,0,0,0,0,0
"1999",227,0,0,0,0,0
"1999",228,0,0,0,0,0
"1999",229,0,0,0,0,0
"1999",230,0,0,0,0,0
"1999",231,0,0,0,0,0
"1999",232,0,0,0,0,0
"1999",233,0,0,0,0,0
"1999",234,0,0,0,0,0
"1999",235,0,0,0,0,0
"1999",236,0,0,0,0,0
"1999",237,0,0,0,0,0
"1999",238,0,0,0,0,0
"1999",239,0,0,0,0,0
"1999",240,0,0,0,0,0
"1999",241,0,0,0,0,0
"1999",242,0,0,0,0,0
"1999",243,0,0,0,0,0
"1999",244,0,0,0,0,0
"1999",245,0,0,0,0,0
"1999",246,0,0,0,0,0
"1999",247,0,0,0,0,0
"1999",248,0,0,0,0,0
"1999",249,0,0,0,0,0
"1999",250,0,0,0,0,0
"1999",251,0,0,0,0,0
"1999",252,0,0,0,0,0
"1999",253,0,0,0,0,0
"1999",254,0,0,0,0,0
"1999",255,0,0,0,0,0
"1999",256,0,0,0,0,0
"1999",257,0,0,0,0,0
"1999",258,0,0,0,0,0
"1999",259,0,0,0,0,0
"1999",260,0,0,0,0,0
"1999",261,0,0,0,0,0
"1999",262,0,0,0,0,0
"1999",263,0,0,0,0,0
"1999",264,0,0,0,0,0
"1999",265,0,0,0,0,0
"1999",266,0,0,0,0,0
"1999",267,0,0,0,0,0
"1999",268,0,0,0,0,0
"2000",140,0,0,0,0,0
"2000",141,0,1,1,0,0
"2000",142,0,1,1,0,0
"2000",143,0,1,1,0,0
"2000",144,0,1,1,0,0
"2000",145,0,0,0,0,0
"2000",146,0,1,1,0,0
"2000",147,0,0,0,0,0
"2000",148,0,1,1,0,0
"2000",149,0,0,0,0,0
"2000",150,0,0,0,0,0
"2000",151,0,1,1,0,0
"2000",152,0,1,1,0,0
"2000",153,0,0,0,0,0
"2000",154,0,1,1,1,1
"2000",155,0,0,0,0,0
"2000",156,0,0,0,0,0
"2000",157,0,1,1,0,0
"2000",158,0,0,0,0,0
"2000",159,0,0,0,0,0
"2000",160,0,1,1,0,0
"2000",161,0,0,0,0,0
"2000",162,0,0,0,0,0
"2000",163,0,1,1,0,0
"2000",164,0,1,1,0,1
"2000",165,0,1,1,0,0
"2000",166,0,0,0,0,0
"2000",167,0,1,1,0,0
"2000",168,0,0,0,0,0
"2000",169,0,1,0,1,1
"2000",170,0,1,0,1,0
"2000",171,0,1,0,1,0
"2000",172,0,1,1,1,0
"2000",173,0,1,0,1,1
"2000",174,0,1,1,0,1
"2000",175,0,1,1,1,0
"2000",176,0,1,0,1,0
"2000",177,0,0,0,0,0
"2000",178,0,1,0,0,1
"2000",179,0,1,0,0,1
"2000",180,0,0,0,0,0
"2000",181,0,0,0,0,0
"2000",182,0,1,1,1,0
"2000",183,0,1,0,1,0
"2000",184,0,1,1,1,1
"2000",185,0,1,1,1,0
"2000",186,0,0,0,0,0
"2000",187,0,0,0,0,0
"2000",188,0,1,0,1,1
"2000",189,0,1,0,0,1
"2000",190,0,1,1,1,0
"2000",191,0,1,0,1,0
"2000",192,0,1,1,0,0
"2000",193,0,1,1,0,0
"2000",194,0,1,1,0,1
"2000",195,0,1,0,0,1
"2000",196,0,1,1,0,0
"2000",197,0,1,0,1,0
"2000",198,0,1,1,1,1
"2000",199,0,1,1,1,1
"2000",200,0,0,0,0,0
"2000",201,0,1,1,0,0
"2000",202,0,1,0,0,1
"2000",203,0,0,0,0,0
"2000",204,0,0,0,0,0
"2000",205,0,0,0,0,0
"2000",206,0,0,0,0,0
"2000",207,0,0,0,0,0
"2000",208,0,0,0,0,0
"2000",209,0,0,0,0,0
"2000",210,0,0,0,0,0
"2000",211,0,0,0,0,0
"2000",212,0,0,0,0,0
"2000",213,0,1,0,0,1
"2000",214,0,0,0,0,0
"2000",215,0,1,0,1,0
"2000",216,0,1,0,1,0
"2000",217,0,0,0,0,0
"2000",218,0,0,0,0,0
"2000",219,0,0,0,0,0
"2000",220,0,0,0,0,0
"2000",221,0,0,0,0,0
"2000",222,0,0,0,0,0
"2000",223,0,0,0,0,0
"2000",224,0,0,0,0,0
"2000",225,0,0,0,0,0
"2000",226,0,0,0,0,0
"2000",227,0,0,0,0,0
"2000",228,0,0,0,0,0
"2000",229,0,0,0,0,0
"2000",230,0,0,0,0,0
"2000",231,0,0,0,0,0
"2000",232,0,0,0,0,0
"2000",233,0,0,0,0,0
"2000",234,0,0,0,0,0
"2000",235,0,0,0,0,0
"2000",236,0,0,0,0,0
"2000",237,0,0,0,0,0
"2000",238,0,0,0,0,0
"2000",239,0,0,0,0,0
"2000",240,0,0,0,0,0
"2000",241,0,0,0,0,0
"2000",242,0,0,0,0,0
"2000",243,0,0,0,0,0
"2000",244,0,0,0,0,0
"2000",245,0,0,0,0,0
"2000",246,0,0,0,0,0
"2000",247,0,0,0,0,0
"2000",248,0,0,0,0,0
"2000",249,0,0,0,0,0
"2000",250,0,0,0,0,0
"2000",251,0,0,0,0,0
"2000",252,0,0,0,0,0
"2000",253,0,0,0,0,0
"2000",254,0,0,0,0,0
"2000",255,0,0,0,0,0
"2000",256,0,0,0,0,0
"2000",257,0,0,0,0,0
"2000",258,0,0,0,0,0
"2000",259,0,0,0,0,0
"2000",260,0,0,0,0,0
"2000",261,0,0,0,0,0
"2000",262,0,0,0,0,0
"2000",263,0,0,0,0,0
"2000",264,0,0,0,0,0
"2000",265,0,0,0,0,0
"2000",266,0,0,0,0,0
"2000",267,0,0,0,0,0
"2000",268,0,0,0,0,0
"2001",140,0,1,1,1,1
"2001",141,0,1,1,1,1
"2001",142,0,1,0,1,0
"2001",143,0,1,1,1,0
"2001",144,0,1,1,1,0
"2001",145,0,1,0,1,0
"2001",146,0,1,0,1,0
"2001",147,0,1,1,1,0
"2001",148,0,1,1,1,0
"2001",149,0,1,0,1,0
"2001",150,0,1,0,1,0
"2001",151,0,0,0,0,0
"2001",152,0,1,0,1,0
"2001",153,0,1,1,1,0
"2001",154,0,1,0,1,0
"2001",155,0,0,0,0,0
"2001",156,0,1,1,1,1
"2001",157,0,1,1,1,0
"2001",158,0,0,0,0,0
"2001",159,0,1,0,0,1
"2001",160,0,1,1,1,0
"2001",161,0,1,0,1,0
"2001",162,0,1,0,0,1
"2001",163,0,1,0,1,0
"2001",164,0,1,1,1,0
"2001",165,0,0,0,0,0
"2001",166,0,1,1,1,0
"2001",167,0,1,0,1,0
"2001",168,0,0,0,0,0
"2001",169,0,1,1,1,1
"2001",170,0,1,1,1,0
"2001",171,0,1,0,0,1
"2001",172,0,1,1,1,0
"2001",173,0,0,0,0,0
"2001",174,0,1,0,1,0
"2001",175,0,1,1,0,1
"2001",176,0,1,0,0,1
"2001",177,0,0,0,0,0
"2001",178,0,1,0,1,1
"2001",179,0,1,1,1,1
"2001",180,0,0,0,0,0
"2001",181,0,1,0,0,1
"2001",182,0,1,1,1,0
"2001",183,0,0,0,0,0
"2001",184,0,1,1,1,0
"2001",185,0,1,0,1,1
"2001",186,0,1,0,0,1
"2001",187,0,1,1,1,1
"2001",188,0,0,0,0,0
"2001",189,0,0,0,0,0
"2001",190,0,1,1,1,0
"2001",191,0,0,0,0,0
"2001",192,0,0,0,0,0
"2001",193,0,0,0,0,0
"2001",194,0,1,0,0,1
"2001",195,0,1,1,1,1
"2001",196,0,0,0,0,0
"2001",197,0,0,0,0,0
"2001",198,0,1,1,1,1
"2001",199,0,0,0,0,0
"2001",200,0,1,1,1,1
"2001",201,0,1,1,1,1
"2001",202,0,0,0,0,0
"2001",203,0,0,0,0,0
"2001",204,0,1,1,0,1
"2001",205,0,1,0,0,1
"2001",206,0,1,1,0,1
"2001",207,0,1,1,1,0
"2001",208,0,0,0,0,0
"2001",209,0,0,0,0,0
"2001",210,0,0,0,0,0
"2001",211,0,0,0,0,0
"2001",212,0,0,0,0,0
"2001",213,0,0,0,0,0
"2001",214,0,0,0,0,0
"2001",215,0,1,0,0,1
"2001",216,0,1,1,0,0
"2001",217,0,1,0,1,1
"2001",218,0,1,1,1,1
"2001",219,0,1,1,1,1
"2001",220,0,1,1,0,0
"2001",221,0,1,1,1,1
"2001",222,0,0,0,0,0
"2001",223,0,0,0,0,0
"2001",224,0,0,0,0,0
"2001",225,0,0,0,0,0
"2001",226,0,0,0,0,0
"2001",227,0,0,0,0,0
"2001",228,0,0,0,0,0
"2001",229,0,0,0,0,0
"2001",230,0,0,0,0,0
"2001",231,0,0,0,0,0
"2001",232,0,0,0,0,0
"2001",233,0,0,0,0,0
"2001",234,0,0,0,0,0
"2001",235,0,0,0,0,0
"2001",236,0,0,0,0,0
"2001",237,0,0,0,0,0
"2001",238,0,0,0,0,0
"2001",239,0,0,0,0,0
"2001",240,0,0,0,0,0
"2001",241,0,0,0,0,0
"2001",242,0,0,0,0,0
"2001",243,0,0,0,0,0
"2001",244,0,0,0,0,0
"2001",245,0,0,0,0,0
"2001",246,0,0,0,0,0
"2001",247,0,0,0,0,0
"2001",248,0,0,0,0,0
"2001",249,0,0,0,0,0
"2001",250,0,0,0,0,0
"2001",251,0,0,0,0,0
"2001",252,0,0,0,0,0
"2001",253,0,0,0,0,0
"2001",254,0,0,0,0,0
"2001",255,0,0,0,0,0
"2001",256,0,0,0,0,0
"2001",257,0,0,0,0,0
"2001",258,0,0,0,0,0
"2001",259,0,0,0,0,0
"2001",260,0,0,0,0,0
"2001",261,0,0,0,0,0
"2001",262,0,0,0,0,0
"2001",263,0,0,0,0,0
"2001",264,0,0,0,0,0
"2001",265,0,0,0,0,0
"2001",266,0,0,0,0,0
"2001",267,0,0,0,0,0
"2001",268,0,0,0,0,0
"2002",140,0,0,0,0,0
"2002",141,0,0,0,0,0
"2002",142,0,0,0,0,0
"2002",143,0,1,1,0,0
"2002",144,0,1,1,0,0
"2002",145,0,0,0,0,0
"2002",146,0,0,0,0,0
"2002",147,0,1,1,0,0
"2002",148,0,1,1,1,1
"2002",149,0,1,1,1,0
"2002",150,0,1,0,1,0
"2002",151,0,0,0,0,0
"2002",152,0,0,0,0,0
"2002",153,0,1,0,1,0
"2002",154,0,1,0,1,0
"2002",155,0,1,0,1,0
"2002",156,0,1,0,1,1
"2002",157,0,1,0,0,1
"2002",158,0,1,1,0,0
"2002",159,0,0,0,0,0
"2002",160,0,1,1,0,0
"2002",161,0,1,1,0,1
"2002",162,0,1,0,1,0
"2002",163,0,1,1,1,0
"2002",164,0,1,0,1,0
"2002",165,0,0,0,0,0
"2002",166,0,1,1,1,1
"2002",167,0,0,0,0,0
"2002",168,0,1,0,1,0
"2002",169,0,1,1,1,1
"2002",170,0,0,0,0,0
"2002",171,0,1,1,1,0
"2002",172,0,1,1,1,0
"2002",173,0,1,1,1,1
"2002",174,0,1,1,1,0
"2002",175,0,1,0,1,1
"2002",176,0,1,0,0,1
"2002",177,0,1,0,0,1
"2002",178,0,1,1,1,0
"2002",179,0,0,0,0,0
"2002",180,0,1,0,0,1
"2002",181,0,1,1,1,0
"2002",182,0,1,1,0,0
"2002",183,0,1,0,0,1
"2002",184,0,1,0,0,1
"2002",185,0,0,0,0,0
"2002",186,0,0,0,0,0
"2002",187,0,1,1,0,0
"2002",188,0,1,0,0,1
"2002",189,0,1,1,1,1
"2002",190,0,1,0,1,1
"2002",191,0,1,0,0,1
"2002",192,0,1,1,0,1
"2002",193,0,1,0,1,1
"2002",194,0,1,1,1,1
"2002",195,0,1,0,0,1
"2002",196,0,0,0,0,0
"2002",197,0,1,1,1,1
"2002",198,0,1,1,1,1
"2002",199,0,1,0,0,1
"2002",200,0,1,0,0,1
"2002",201,0,1,1,1,0
"2002",202,0,1,1,1,0
"2002",203,0,1,1,1,1
"2002",204,0,1,0,0,1
"2002",205,0,1,0,0,1
"2002",206,0,1,1,0,1
"2002",207,0,0,0,0,0
"2002",208,0,1,0,1,0
"2002",209,0,1,1,1,1
"2002",210,0,0,0,0,0
"2002",211,0,0,0,0,0
"2002",212,0,1,1,1,1
"2002",213,0,1,1,1,1
"2002",214,0,1,1,0,1
"2002",215,0,0,0,0,0
"2002",216,0,0,0,0,0
"2002",217,0,0,0,0,0
"2002",218,0,1,1,1,1
"2002",219,0,1,0,0,1
"2002",220,0,0,0,0,0
"2002",221,0,0,0,0,0
"2002",222,0,1,1,1,1
"2002",223,0,0,0,0,0
"2002",224,0,0,0,0,0
"2002",225,0,0,0,0,0
"2002",226,0,0,0,0,0
"2002",227,0,0,0,0,0
"2002",228,0,0,0,0,0
"2002",229,0,0,0,0,0
"2002",230,0,0,0,0,0
"2002",231,0,0,0,0,0
"2002",232,0,0,0,0,0
"2002",233,0,0,0,0,0
"2002",234,0,0,0,0,0
"2002",235,0,0,0,0,0
"2002",236,0,0,0,0,0
"2002",237,0,0,0,0,0
"2002",238,0,0,0,0,0
"2002",239,0,0,0,0,0
"2002",240,0,0,0,0,0
"2002",241,0,0,0,0,0
"2002",242,0,0,0,0,0
"2002",243,0,0,0,0,0
"2002",244,0,0,0,0,0
"2002",245,0,0,0,0,0
"2002",246,0,0,0,0,0
"2002",247,0,0,0,0,0
"2002",248,0,0,0,0,0
"2002",249,0,0,0,0,0
"2002",250,0,0,0,0,0
"2002",251,0,0,0,0,0
"2002",252,0,0,0,0,0
"2002",253,0,0,0,0,0
"2002",254,0,0,0,0,0
"2002",255,0,0,0,0,0
"2002",256,0,0,0,0,0
"2002",257,0,0,0,0,0
"2002",258,0,0,0,0,0
"2002",259,0,0,0,0,0
"2002",260,0,0,0,0,0
"2002",261,0,0,0,0,0
"2002",262,0,0,0,0,0
"2002",263,0,0,0,0,0
"2002",264,0,0,0,0,0
"2002",265,0,0,0,0,0
"2002",266,0,0,0,0,0
"2002",267,0,0,0,0,0
"2002",268,0,0,0,0,0
"2003",140,0,1,1,0,0
"2003",141,0,1,1,0,0
"2003",142,0,1,1,0,0
"2003",143,0,0,0,0,0
"2003",144,0,1,1,0,0
"2003",145,0,1,1,0,0
"2003",146,0,1,1,0,0
"2003",147,0,1,1,0,0
"2003",148,0,0,0,0,0
"2003",149,0,1,1,0,0
"2003",150,0,1,1,0,0
"2003",151,0,1,1,0,0
"2003",152,0,1,1,0,0
"2003",153,0,1,1,0,0
"2003",154,0,0,0,0,0
"2003",155,0,1,1,0,0
"2003",156,0,0,0,0,0
"2003",157,0,0,0,0,0
"2003",158,0,1,1,1,0
"2003",159,0,1,1,1,0
"2003",160,0,1,1,1,0
"2003",161,0,1,1,1,0
"2003",162,0,0,0,0,0
"2003",163,0,1,0,0,1
"2003",164,0,1,1,1,1
"2003",165,0,0,0,0,0
"2003",166,0,1,1,0,0
"2003",167,0,1,1,1,0
"2003",168,0,1,1,1,0
"2003",169,0,0,0,0,0
"2003",170,0,0,0,0,0
"2003",171,0,0,0,0,0
"2003",172,0,1,1,1,1
"2003",173,0,0,0,0,0
"2003",174,0,0,0,0,0
"2003",175,0,1,1,1,0
"2003",176,0,1,0,1,1
"2003",177,0,1,0,0,1
"2003",178,0,1,1,1,1
"2003",179,0,1,0,1,0
"2003",180,0,1,0,0,1
"2003",181,0,1,1,0,0
"2003",182,0,1,1,1,0
"2003",183,0,1,0,0,1
"2003",184,0,1,1,1,1
"2003",185,0,0,0,0,0
"2003",186,0,0,0,0,0
"2003",187,0,0,0,0,0
"2003",188,0,0,0,0,0
"2003",189,0,1,0,0,1
"2003",190,0,0,0,0,0
"2003",191,0,1,1,0,0
"2003",192,0,1,1,0,0
"2003",193,0,1,1,0,0
"2003",194,0,0,0,0,0
"2003",195,0,1,1,1,0
"2003",196,0,0,0,0,0
"2003",197,0,0,0,0,0
"2003",198,0,1,0,1,0
"2003",199,0,0,0,0,0
"2003",200,0,0,0,0,0
"2003",201,0,0,0,0,0
"2003",202,0,0,0,0,0
"2003",203,0,1,1,1,0
"2003",204,0,0,0,0,0
"2003",205,0,0,0,0,0
"2003",206,0,1,1,1,1
"2003",207,0,0,0,0,0
"2003",208,0,0,0,0,0
"2003",209,0,1,1,1,1
"2003",210,0,0,0,0,0
"2003",211,0,1,1,1,1
"2003",212,0,0,0,0,0
"2003",213,0,0,0,0,0
"2003",214,0,0,0,0,0
"2003",215,0,1,0,0,1
"2003",216,0,1,1,1,0
"2003",217,0,0,0,0,0
"2003",218,0,0,0,0,0
"2003",219,0,1,1,0,0
"2003",220,0,0,0,0,0
"2003",221,0,0,0,0,0
"2003",222,0,0,0,0,0
"2003",223,0,0,0,0,0
"2003",224,0,0,0,0,0
"2003",225,0,0,0,0,0
"2003",226,0,0,0,0,0
"2003",227,0,0,0,0,0
"2003",228,0,0,0,0,0
"2003",229,0,0,0,0,0
"2003",230,0,0,0,0,0
"2003",231,0,0,0,0,0
"2003",232,0,0,0,0,0
"2003",233,0,0,0,0,0
"2003",234,0,0,0,0,0
"2003",235,0,0,0,0,0
"2003",236,0,0,0,0,0
"2003",237,0,0,0,0,0
"2003",238,0,0,0,0,0
"2003",239,0,0,0,0,0
"2003",240,0,0,0,0,0
"2003",241,0,0,0,0,0
"2003",242,0,0,0,0,0
"2003",243,0,0,0,0,0
"2003",244,0,0,0,0,0
"2003",245,0,0,0,0,0
"2003",246,0,0,0,0,0
"2003",247,0,0,0,0,0
"2003",248,0,0,0,0,0
"2003",249,0,0,0,0,0
"2003",250,0,0,0,0,0
"2003",251,0,0,0,0,0
"2003",252,0,0,0,0,0
"2003",253,0,0,0,0,0
"2003",254,0,0,0,0,0
"2003",255,0,0,0,0,0
"2003",256,0,0,0,0,0
"2003",257,0,0,0,0,0
"2003",258,0,0,0,0,0
"2003",259,0,0,0,0,0
"2003",260,0,0,0,0,0
"2003",261,0,0,0,0,0
"2003",262,0,0,0,0,0
"2003",263,0,0,0,0,0
"2003",264,0,0,0,0,0
"2003",265,0,0,0,0,0
"2003",266,0,0,0,0,0
"2003",267,0,0,0,0,0
"2003",268,0,0,0,0,0
"2004",140,0,0,0,0,0
"2004",141,0,0,0,0,0
"2004",142,0,1,1,0,0
"2004",143,0,1,1,0,0
"2004",144,0,1,1,0,0
"2004",145,0,1,1,0,0
"2004",146,0,1,1,0,0
"2004",147,0,1,1,0,0
"2004",148,0,0,0,0,0
"2004",149,0,1,1,0,0
"2004",150,0,1,0,0,1
"2004",151,0,0,0,0,0
"2004",152,0,0,0,0,0
"2004",153,0,1,1,0,0
"2004",154,0,1,1,0,0
"2004",155,0,1,1,0,0
"2004",156,0,1,1,0,0
"2004",157,0,0,0,0,0
"2004",158,0,0,0,0,0
"2004",159,0,0,0,0,0
"2004",160,0,0,0,0,0
"2004",161,0,0,0,0,0
"2004",162,0,1,1,0,0
"2004",163,0,0,0,0,0
"2004",164,0,1,1,0,0
"2004",165,0,1,1,0,1
"2004",166,0,1,1,0,0
"2004",167,0,0,0,0,0
"2004",168,0,1,1,0,0
"2004",169,0,0,0,0,0
"2004",170,0,1,1,0,1
"2004",171,0,0,0,0,0
"2004",172,0,1,1,0,0
"2004",173,0,1,1,0,0
"2004",174,0,0,0,0,0
"2004",175,0,1,1,0,0
"2004",176,0,1,1,0,0
"2004",177,0,1,1,0,0
"2004",178,0,1,1,0,1
"2004",179,0,1,1,0,0
"2004",180,0,1,1,0,0
"2004",181,0,1,1,0,0
"2004",182,0,1,1,0,1
"2004",183,0,0,0,0,0
"2004",184,0,1,1,0,1
"2004",185,0,0,0,0,0
"2004",186,0,1,1,0,0
"2004",187,0,0,0,0,0
"2004",188,0,1,0,0,1
"2004",189,0,1,1,0,1
"2004",190,0,1,0,0,1
"2004",191,0,0,0,0,0
"2004",192,0,1,1,1,1
"2004",193,0,1,1,1,1
"2004",194,0,1,0,0,1
"2004",195,0,1,1,1,1
"2004",196,0,0,0,0,0
"2004",197,0,1,1,1,0
"2004",198,0,1,1,1,0
"2004",199,0,1,1,1,1
"2004",200,0,1,1,1,1
"2004",201,0,1,0,0,1
"2004",202,0,1,1,1,1
"2004",203,0,1,1,1,0
"2004",204,0,1,1,1,1
"2004",205,0,1,1,1,1
"2004",206,0,0,0,0,0
"2004",207,0,0,0,0,0
"2004",208,0,1,1,1,1
"2004",209,0,1,0,0,1
"2004",210,0,1,1,1,1
"2004",211,0,1,1,1,1
"2004",212,0,0,0,0,0
"2004",213,0,0,0,0,0
"2004",214,0,1,1,0,1
"2004",215,0,1,0,0,1
"2004",216,0,0,0,0,0
"2004",217,0,0,0,0,0
"2004",218,0,0,0,0,0
"2004",219,0,0,0,0,0
"2004",220,0,1,1,1,1
"2004",221,0,1,0,0,1
"2004",222,0,1,1,1,1
"2004",223,0,0,0,0,0
"2004",224,0,0,0,0,0
"2004",225,0,0,0,0,0
"2004",226,0,0,0,0,0
"2004",227,0,0,0,0,0
"2004",228,0,0,0,0,0
"2004",229,0,0,0,0,0
"2004",230,0,0,0,0,0
"2004",231,0,0,0,0,0
"2004",232,0,0,0,0,0
"2004",233,0,0,0,0,0
"2004",234,0,0,0,0,0
"2004",235,0,0,0,0,0
"2004",236,0,0,0,0,0
"2004",237,0,0,0,0,0
"2004",238,0,0,0,0,0
"2004",239,0,0,0,0,0
"2004",240,0,0,0,0,0
"2004",241,0,0,0,0,0
"2004",242,0,0,0,0,0
"2004",243,0,0,0,0,0
"2004",244,0,0,0,0,0
"2004",245,0,0,0,0,0
"2004",246,0,0,0,0,0
"2004",247,0,0,0,0,0
"2004",248,0,0,0,0,0
"2004",249,0,0,0,0,0
"2004",250,0,0,0,0,0
"2004",251,0,0,0,0,0
"2004",252,0,0,0,0,0
"2004",253,0,0,0,0,0
"2004",254,0,0,0,0,0
"2004",255,0,0,0,0,0
"2004",256,0,0,0,0,0
"2004",257,0,0,0,0,0
"2004",258,0,0,0,0,0
"2004",259,0,0,0,0,0
"2004",260,0,0,0,0,0
"2004",261,0,0,0,0,0
"2004",262,0,0,0,0,0
"2004",263,0,0,0,0,0
"2004",264,0,0,0,0,0
"2004",265,0,0,0,0,0
"2004",266,0,0,0,0,0
"2004",267,0,0,0,0,0
"2004",268,0,0,0,0,0
"2005",140,0,0,0,0,0
"2005",141,0,1,1,0,0
"2005",142,0,0,0,0,0
"2005",143,0,0,0,0,0
"2005",144,0,1,1,0,0
"2005",145,0,1,1,0,0
"2005",146,0,1,1,0,0
"2005",147,0,0,0,0,0
"2005",148,0,1,1,0,0
"2005",149,0,0,0,0,0
"2005",150,0,1,1,0,0
"2005",151,0,1,1,0,0
"2005",152,0,0,0,0,0
"2005",153,0,1,1,1,0
"2005",154,0,1,0,1,1
"2005",155,0,1,0,1,1
"2005",156,0,0,0,0,0
"2005",157,0,1,1,1,0
"2005",158,0,1,1,1,1
"2005",159,0,1,1,1,0
"2005",160,0,1,1,0,0
"2005",161,0,1,0,1,0
"2005",162,0,1,1,1,1
"2005",163,0,0,0,0,0
"2005",164,0,1,1,1,0
"2005",165,0,0,0,0,0
"2005",166,0,0,0,0,0
"2005",167,0,0,0,0,0
"2005",168,0,1,1,1,0
"2005",169,0,1,1,1,0
"2005",170,0,1,0,1,1
"2005",171,0,1,1,1,0
"2005",172,0,1,0,1,0
"2005",173,0,1,0,0,1
"2005",174,0,0,0,0,0
"2005",175,0,1,0,1,0
"2005",176,0,1,1,1,0
"2005",177,0,1,1,1,0
"2005",178,0,1,0,1,1
"2005",179,0,1,0,1,0
"2005",180,0,0,0,0,0
"2005",181,0,1,0,0,1
"2005",182,0,1,0,1,0
"2005",183,0,1,1,1,0
"2005",184,0,1,0,1,1
"2005",185,0,0,0,0,0
"2005",186,0,1,1,0,0
"2005",187,0,0,0,0,0
"2005",188,0,1,1,0,0
"2005",189,0,1,1,0,0
"2005",190,0,0,0,0,0
"2005",191,0,1,1,0,0
"2005",192,0,1,1,0,0
"2005",193,0,1,1,0,0
"2005",194,0,0,0,0,0
"2005",195,0,1,1,0,0
"2005",196,0,1,1,0,0
"2005",197,0,1,1,1,1
"2005",198,0,0,0,0,0
"2005",199,0,1,1,0,1
"2005",200,0,0,0,0,0
"2005",201,0,0,0,0,0
"2005",202,0,1,1,0,0
"2005",203,0,1,1,0,1
"2005",204,0,0,0,0,0
"2005",205,0,0,0,0,0
"2005",206,0,0,0,0,0
"2005",207,0,0,0,0,0
"2005",208,0,1,0,0,1
"2005",209,0,1,1,1,1
"2005",210,0,0,0,0,0
"2005",211,0,1,1,1,1
"2005",212,0,0,0,0,0
"2005",213,0,1,1,0,0
"2005",214,0,1,1,0,0
"2005",215,0,0,0,0,0
"2005",216,0,0,0,0,0
"2005",217,0,0,0,0,0
"2005",218,0,0,0,0,0
"2005",219,0,1,1,1,1
"2005",220,0,0,0,0,0
"2005",221,0,0,0,0,0
"2005",222,0,0,0,0,0
"2005",223,0,0,0,0,0
"2005",224,0,0,0,0,0
"2005",225,0,0,0,0,0
"2005",226,0,0,0,0,0
"2005",227,0,0,0,0,0
"2005",228,0,0,0,0,0
"2005",229,0,0,0,0,0
"2005",230,0,0,0,0,0
"2005",231,0,0,0,0,0
"2005",232,0,0,0,0,0
"2005",233,0,0,0,0,0
"2005",234,0,0,0,0,0
"2005",235,0,0,0,0,0
"2005",236,0,0,0,0,0
"2005",237,0,0,0,0,0
"2005",238,0,0,0,0,0
"2005",239,0,0,0,0,0
"2005",240,0,0,0,0,0
"2005",241,0,0,0,0,0
"2005",242,0,0,0,0,0
"2005",243,0,0,0,0,0
"2005",244,0,0,0,0,0
"2005",245,0,0,0,0,0
"2005",246,0,0,0,0,0
"2005",247,0,0,0,0,0
"2005",248,0,0,0,0,0
"2005",249,0,0,0,0,0
"2005",250,0,0,0,0,0
"2005",251,0,0,0,0,0
"2005",252,0,0,0,0,0
"2005",253,0,0,0,0,0
"2005",254,0,0,0,0,0
"2005",255,0,0,0,0,0
"2005",256,0,0,0,0,0
"2005",257,0,0,0,0,0
"2005",258,0,0,0,0,0
"2005",259,0,0,0,0,0
"2005",260,0,0,0,0,0
"2005",261,0,0,0,0,0
"2005",262,0,0,0,0,0
"2005",263,0,0,0,0,0
"2005",264,0,0,0,0,0
"2005",265,0,0,0,0,0
"2005",266,0,0,0,0,0
"2005",267,0,0,0,0,0
"2005",268,0,0,0,0,0
"2006",140,0,1,1,0,0
"2006",141,0,1,1,0,0
"2006",142,0,1,0,0,1
"2006",143,0,1,1,0,0
"2006",144,0,1,1,0,0
"2006",145,0,1,1,0,1
"2006",146,0,1,1,0,0
"2006",147,0,0,0,0,0
"2006",148,0,1,1,0,0
"2006",149,0,1,1,0,0
"2006",150,0,1,1,0,1
"2006",151,0,1,1,0,0
"2006",152,0,0,0,0,0
"2006",153,0,0,0,0,0
"2006",154,0,1,1,0,0
"2006",155,0,1,1,0,0
"2006",156,0,0,0,0,0
"2006",157,0,0,0,0,0
"2006",158,0,1,1,0,0
"2006",159,0,0,0,0,0
"2006",160,0,1,1,0,0
"2006",161,0,0,0,0,0
"2006",162,0,0,0,0,0
"2006",163,0,0,0,0,0
"2006",164,0,1,1,0,0
"2006",165,0,1,1,1,1
"2006",166,0,0,0,0,0
"2006",167,0,0,0,0,0
"2006",168,0,0,0,0,0
"2006",169,0,1,1,0,0
"2006",170,0,1,1,0,0
"2006",171,0,1,0,0,1
"2006",172,0,1,0,1,0
"2006",173,0,1,1,1,1
"2006",174,0,1,1,0,1
"2006",175,0,1,0,1,1
"2006",176,0,0,0,0,0
"2006",177,0,0,0,0,0
"2006",178,0,1,1,0,1
"2006",179,0,1,1,0,1
"2006",180,0,1,0,1,1
"2006",181,0,1,0,0,1
"2006",182,0,1,1,1,1
"2006",183,0,1,0,1,0
"2006",184,0,1,1,1,0
"2006",185,0,1,0,0,1
"2006",186,0,1,0,0,1
"2006",187,0,1,1,1,0
"2006",188,0,0,0,0,0
"2006",189,0,1,1,1,0
"2006",190,0,1,1,1,0
"2006",191,0,1,1,1,0
"2006",192,0,1,0,1,0
"2006",193,0,0,0,0,0
"2006",194,0,1,1,1,1
"2006",195,0,1,1,1,0
"2006",196,0,1,0,0,1
"2006",197,0,0,0,0,0
"2006",198,0,0,0,0,0
"2006",199,0,1,1,1,0
"2006",200,0,1,0,1,0
"2006",201,0,0,0,0,0
"2006",202,0,1,1,1,0
"2006",203,0,1,0,1,0
"2006",204,0,1,1,1,1
"2006",205,0,1,0,0,1
"2006",206,0,1,1,0,0
"2006",207,0,0,0,0,0
"2006",208,0,1,1,0,0
"2006",209,0,0,0,0,0
"2006",210,0,0,0,0,0
"2006",211,0,1,1,1,1
"2006",212,0,1,1,1,1
"2006",213,0,0,0,0,0
"2006",214,0,0,0,0,0
"2006",215,0,1,1,1,1
"2006",216,0,1,1,1,0
"2006",217,0,1,1,1,1
"2006",218,0,0,0,0,0
"2006",219,0,0,0,0,0
"2006",220,0,0,0,0,0
"2006",221,0,0,0,0,0
"2006",222,0,0,0,0,0
"2006",223,0,0,0,0,0
"2006",224,0,0,0,0,0
"2006",225,0,0,0,0,0
"2006",226,0,0,0,0,0
"2006",227,0,0,0,0,0
"2006",228,0,0,0,0,0
"2006",229,0,0,0,0,0
"2006",230,0,0,0,0,0
"2006",231,0,0,0,0,0
"2006",232,0,0,0,0,0
"2006",233,0,0,0,0,0
"2006",234,0,0,0,0,0
"2006",235,0,0,0,0,0
"2006",236,0,0,0,0,0
"2006",237,0,0,0,0,0
"2006",238,0,0,0,0,0
"2006",239,0,0,0,0,0
"2006",240,0,0,0,0,0
"2006",241,0,0,0,0,0
"2006",242,0,0,0,0,0
"2006",243,0,0,0,0,0
"2006",244,0,0,0,0,0
"2006",245,0,0,0,0,0
"2006",246,0,0,0,0,0
"2006",247,0,0,0,0,0
"2006",248,0,0,0,0,0
"2006",249,0,0,0,0,0
"2006",250,0,0,0,0,0
"2006",251,0,0,0,0,0
"2006",252,0,0,0,0,0
"2006",253,0,0,0,0,0
"2006",254,0,0,0,0,0
"2006",255,0,0,0,0,0
"2006",256,0,0,0,0,0
"2006",257,0,0,0,0,0
"2006",258,0,0,0,0,0
"2006",259,0,0,0,0,0
"2006",260,0,0,0,0,0
"2006",261,0,0,0,0,0
"2006",262,0,0,0,0,0
"2006",263,0,0,0,0,0
"2006",264,0,0,0,0,0
"2006",265,0,0,0,0,0
"2006",266,0,0,0,0,0
"2006",267,0,0,0,0,0
"2006",268,0,0,0,0,0
"2007",140,0,1,1,0,0
"2007",141,0,1,1,0,0
"2007",142,0,0,0,0,0
"2007",143,0,1,1,0,0
"2007",144,0,0,0,0,0
"2007",145,0,1,1,0,0
"2007",146,0,1,1,0,0
"2007",147,0,0,0,0,0
"2007",148,0,0,0,0,0
"2007",149,0,1,1,0,0
"2007",150,0,1,1,0,0
"2007",151,0,0,0,0,0
"2007",152,0,1,1,0,0
"2007",153,0,1,1,0,0
"2007",154,0,0,0,0,0
"2007",155,0,1,1,0,0
"2007",156,0,1,1,0,0
"2007",157,0,0,0,0,0
"2007",158,0,0,0,0,0
"2007",159,0,1,1,0,0
"2007",160,0,1,1,0,0
"2007",161,0,1,1,0,0
"2007",162,0,1,1,0,0
"2007",163,0,1,1,0,0
"2007",164,0,1,0,0,1
"2007",165,0,1,1,0,1
"2007",166,0,1,1,0,1
"2007",167,0,1,1,0,1
"2007",168,0,1,1,0,1
"2007",169,0,1,1,0,1
"2007",170,0,0,0,0,0
"2007",171,0,1,1,0,0
"2007",172,0,0,0,0,0
"2007",173,0,1,1,0,0
"2007",174,0,1,1,0,0
"2007",175,0,1,1,0,1
"2007",176,0,0,0,0,0
"2007",177,0,1,1,0,0
"2007",178,0,1,1,0,0
"2007",179,0,1,1,0,1
"2007",180,0,1,1,0,1
"2007",181,0,0,0,0,0
"2007",182,0,1,1,0,0
"2007",183,0,0,0,0,0
"2007",184,0,1,0,0,1
"2007",185,0,1,0,0,1
"2007",186,0,0,0,0,0
"2007",187,0,1,1,1,0
"2007",188,0,0,0,0,0
"2007",189,0,1,1,1,0
"2007",190,0,1,0,1,1
"2007",191,0,1,0,1,0
"2007",192,0,0,0,0,0
"2007",193,0,1,0,1,0
"2007",194,0,1,1,1,0
"2007",195,0,0,0,0,0
"2007",196,0,0,0,0,0
"2007",197,0,1,1,0,0
"2007",198,0,1,1,0,0
"2007",199,0,1,1,0,0
"2007",200,0,1,1,0,0
"2007",201,0,1,1,1,1
"2007",202,0,1,1,1,1
"2007",203,0,0,0,0,0
"2007",204,0,0,0,0,0
"2007",205,0,0,0,0,0
"2007",206,0,1,1,0,0
"2007",207,0,1,1,1,1
"2007",208,0,1,1,1,0
"2007",209,0,0,0,0,0
"2007",210,0,0,0,0,0
"2007",211,0,0,0,0,0
"2007",212,0,1,1,1,0
"2007",213,0,0,0,0,0
"2007",214,0,0,0,0,0
"2007",215,0,1,1,1,1
"2007",216,0,1,0,1,1
"2007",217,0,0,0,0,0
"2007",218,0,0,0,0,0
"2007",219,0,0,0,0,0
"2007",220,0,1,1,0,0
"2007",221,0,0,0,0,0
"2007",222,0,0,0,0,0
"2007",223,0,0,0,0,0
"2007",224,0,0,0,0,0
"2007",225,0,0,0,0,0
"2007",226,0,0,0,0,0
"2007",227,0,0,0,0,0
"2007",228,0,0,0,0,0
"2007",229,0,0,0,0,0
"2007",230,0,0,0,0,0
"2007",231,0,0,0,0,0
"2007",232,0,0,0,0,0
"2007",233,0,0,0,0,0
"2007",234,0,0,0,0,0
"2007",235,0,0,0,0,0
"2007",236,0,0,0,0,0
"2007",237,0,0,0,0,0
"2007",238,0,0,0,0,0
"2007",239,0,0,0,0,0
"2007",240,0,0,0,0,0
"2007",241,0,0,0,0,0
"2007",242,0,0,0,0,0
"2007",243,0,0,0,0,0
"2007",244,0,0,0,0,0
"2007",245,0,0,0,0,0
"2007",246,0,0,0,0,0
"2007",247,0,0,0,0,0
"2007",248,0,0,0,0,0
"2007",249,0,0,0,0,0
"2007",250,0,0,0,0,0
"2007",251,0,0,0,0,0
"2007",252,0,0,0,0,0
"2007",253,0,0,0,0,0
"2007",254,0,0,0,0,0
"2007",255,0,0,0,0,0
"2007",256,0,0,0,0,0
"2007",257,0,0,0,0,0
"2007",258,0,0,0,0,0
"2007",259,0,0,0,0,0
"2007",260,0,0,0,0,0
"2007",261,0,0,0,0,0
"2007",262,0,0,0,0,0
"2007",263,0,0,0,0,0
"2007",264,0,0,0,0,0
"2007",265,0,0,0,0,0
"2007",266,0,0,0,0,0
"2007",267,0,0,0,0,0
"2007",268,0,0,0,0,0
"2008",140,0,0,0,0,0
"2008",141,0,0,0,0,0
"2008",142,0,1,1,0,0
"2008",143,0,1,1,0,0
"2008",144,0,1,1,0,0
"2008",145,0,0,0,0,0
"2008",146,0,1,1,0,0
"2008",147,0,0,0,0,0
"2008",148,0,0,0,0,0
"2008",149,0,1,1,0,0
"2008",150,0,1,1,0,0
"2008",151,0,0,0,0,0
"2008",152,0,1,1,0,0
"2008",153,0,1,1,0,0
"2008",154,0,0,0,0,0
"2008",155,0,1,1,1,1
"2008",156,0,0,0,0,0
"2008",157,0,0,0,0,0
"2008",158,0,0,0,0,0
"2008",159,0,1,1,0,0
"2008",160,0,0,0,0,0
"2008",161,0,0,0,0,0
"2008",162,0,0,0,0,0
"2008",163,0,0,0,0,0
"2008",164,0,1,1,0,0
"2008",165,0,1,1,1,1
"2008",166,0,1,0,0,1
"2008",167,0,0,0,0,0
"2008",168,0,0,0,0,0
"2008",169,0,1,1,0,0
"2008",170,0,0,0,0,0
"2008",171,0,0,0,0,0
"2008",172,0,0,0,0,0
"2008",173,0,1,1,1,1
"2008",174,0,0,0,0,0
"2008",175,0,0,0,0,0
"2008",176,0,1,1,1,1
"2008",177,0,1,1,1,0
"2008",178,0,1,1,0,0
"2008",179,0,0,0,0,0
"2008",180,0,0,0,0,0
"2008",181,0,0,0,0,0
"2008",182,0,1,1,1,0
"2008",183,0,1,0,1,0
"2008",184,0,1,1,1,1
"2008",185,0,0,0,0,0
"2008",186,0,0,0,0,0
"2008",187,0,0,0,0,0
"2008",188,0,1,1,0,0
"2008",189,0,0,0,0,0
"2008",190,0,1,1,1,1
"2008",191,0,1,1,1,1
"2008",192,0,1,1,1,1
"2008",193,0,0,0,0,0
"2008",194,0,0,0,0,0
"2008",195,0,1,1,1,1
"2008",196,0,1,1,1,1
"2008",197,0,0,0,0,0
"2008",198,0,1,0,1,1
"2008",199,0,1,0,1,0
"2008",200,0,1,1,0,0
"2008",201,0,1,1,0,0
"2008",202,0,1,1,0,0
"2008",203,0,1,1,0,1
"2008",204,0,1,1,0,0
"2008",205,0,1,1,0,1
"2008",206,0,1,1,0,0
"2008",207,0,1,1,1,0
"2008",208,0,0,0,0,0
"2008",209,0,1,1,0,1
"2008",210,0,0,0,0,0
"2008",211,0,0,0,0,0
"2008",212,0,1,1,1,0
"2008",213,0,0,0,0,0
"2008",214,0,1,1,0,1
"2008",215,0,1,1,0,0
"2008",216,0,1,1,0,0
"2008",217,0,1,1,0,1
"2008",218,0,1,1,0,1
"2008",219,0,1,1,0,1
"2008",220,0,0,0,0,0
"2008",221,0,1,1,0,1
"2008",222,0,1,1,0,1
"2008",223,0,1,1,1,1
"2008",224,0,0,0,0,0
"2008",225,0,1,0,0,1
"2008",226,0,0,0,0,0
"2008",227,0,1,1,1,1
"2008",228,0,0,0,0,0
"2008",229,0,0,0,0,0
"2008",230,0,0,0,0,0
"2008",231,0,0,0,0,0
"2008",232,0,0,0,0,0
"2008",233,0,0,0,0,0
"2008",234,0,1,1,0,1
"2008",235,0,0,0,0,0
"2008",236,0,1,1,1,1
"2008",237,0,0,0,0,0
"2008",238,0,0,0,0,0
"2008",239,0,0,0,0,0
"2008",240,0,0,0,0,0
"2008",241,0,0,0,0,0
"2008",242,0,0,0,0,0
"2008",243,0,0,0,0,0
"2008",244,0,0,0,0,0
"2008",245,0,0,0,0,0
"2008",246,0,0,0,0,0
"2008",247,0,0,0,0,0
"2008",248,0,0,0,0,0
"2008",249,0,0,0,0,0
"2008",250,0,0,0,0,0
"2008",251,0,0,0,0,0
"2008",252,0,0,0,0,0
"2008",253,0,0,0,0,0
"2008",254,0,0,0,0,0
"2008",255,0,0,0,0,0
"2008",256,0,0,0,0,0
"2008",257,0,0,0,0,0
"2008",258,0,0,0,0,0
"2008",259,0,0,0,0,0
"2008",260,0,0,0,0,0
"2008",261,0,0,0,0,0
"2008",262,0,0,0,0,0
"2008",263,0,0,0,0,0
"2008",264,0,0,0,0,0
"2008",265,0,0,0,0,0
"2008",266,0,0,0,0,0
"2008",267,0,0,0,0,0
"2008",268,0,0,0,0,0
"2009",140,0,1,1,1,0
"2009",141,0,1,1,1,0
"2009",142,0,1,1,1,0
"2009",143,0,1,1,0,0
"2009",144,0,1,1,0,0
"2009",145,0,1,1,0,0
"2009",146,0,0,0,0,0
"2009",147,0,0,0,0,0
"2009",148,0,0,0,0,0
"2009",149,0,0,0,0,0
"2009",150,0,0,0,0,0
"2009",151,0,0,0,0,0
"2009",152,0,0,0,0,0
"2009",153,0,0,0,0,0
"2009",154,0,0,0,0,0
"2009",155,0,0,0,0,0
"2009",156,0,0,0,0,0
"2009",157,0,0,0,0,0
"2009",158,0,0,0,0,0
"2009",159,0,0,0,0,0
"2009",160,0,1,0,1,0
"2009",161,0,1,0,1,1
"2009",162,0,0,0,0,0
"2009",163,0,0,0,0,0
"2009",164,0,0,0,0,0
"2009",165,0,0,0,0,0
"2009",166,0,0,0,0,0
"2009",167,0,0,0,0,0
"2009",168,0,0,0,0,0
"2009",169,0,0,0,0,0
"2009",170,0,0,0,0,0
"2009",171,0,1,1,1,0
"2009",172,0,1,1,1,1
"2009",173,0,1,1,1,0
"2009",174,0,1,1,1,0
"2009",175,0,0,0,0,0
"2009",176,0,1,1,0,0
"2009",177,0,1,0,1,1
"2009",178,0,0,0,0,0
"2009",179,0,1,0,0,1
"2009",180,0,1,0,1,1
"2009",181,0,1,1,0,0
"2009",182,0,1,1,0,0
"2009",183,0,1,1,0,0
"2009",184,0,1,1,1,1
"2009",185,0,1,1,1,1
"2009",186,0,1,1,0,1
"2009",187,0,0,0,0,0
"2009",188,0,1,1,1,1
"2009",189,0,1,0,1,0
"2009",190,0,0,0,0,0
"2009",191,0,1,1,1,0
"2009",192,0,1,1,1,1
"2009",193,0,0,0,0,0
"2009",194,0,0,0,0,0
"2009",195,0,0,0,0,0
"2009",196,0,0,0,0,0
"2009",197,0,0,0,0,0
"2009",198,0,0,0,0,0
"2009",199,0,1,1,1,1
"2009",200,0,1,1,0,1
"2009",201,0,1,0,1,1
"2009",202,0,1,0,1,1
"2009",203,0,1,0,1,1
"2009",204,0,1,1,1,0
"2009",205,0,0,0,0,0
"2009",206,0,1,1,0,0
"2009",207,0,1,1,0,0
"2009",208,0,1,0,0,1
"2009",209,0,1,1,1,1
"2009",210,0,1,0,0,1
"2009",211,0,1,0,1,0
"2009",212,0,1,1,1,1
"2009",213,0,1,1,1,1
"2009",214,0,0,0,0,0
"2009",215,0,0,0,0,0
"2009",216,0,0,0,0,0
"2009",217,0,0,0,0,0
"2009",218,0,1,1,1,1
"2009",219,0,0,0,0,0
"2009",220,0,1,1,1,1
"2009",221,0,1,1,1,1
"2009",222,0,1,0,1,1
"2009",223,0,0,0,0,0
"2009",224,0,0,0,0,0
"2009",225,0,0,0,0,0
"2009",226,0,0,0,0,0
"2009",227,0,0,0,0,0
"2009",228,0,0,0,0,0
"2009",229,0,0,0,0,0
"2009",230,0,0,0,0,0
"2009",231,0,0,0,0,0
"2009",232,0,0,0,0,0
"2009",233,0,0,0,0,0
"2009",234,0,0,0,0,0
"2009",235,0,0,0,0,0
"2009",236,0,0,0,0,0
"2009",237,0,0,0,0,0
"2009",238,0,0,0,0,0
"2009",239,0,0,0,0,0
"2009",240,0,0,0,0,0
"2009",241,0,0,0,0,0
"2009",242,0,0,0,0,0
"2009",243,0,0,0,0,0
"2009",244,0,0,0,0,0
"2009",245,0,0,0,0,0
"2009",246,0,0,0,0,0
"2009",247,0,0,0,0,0
"2009",248,0,0,0,0,0
"2009",249,0,0,0,0,0
"2009",250,0,0,0,0,0
"2009",251,0,0,0,0,0
"2009",252,0,0,0,0,0
"2009",253,0,0,0,0,0
"2009",254,0,0,0,0,0
"2009",255,0,0,0,0,0
"2009",256,0,0,0,0,0
"2009",257,0,0,0,0,0
"2009",258,0,0,0,0,0
"2009",259,0,0,0,0,0
"2009",260,0,0,0,0,0
"2009",261,0,0,0,0,0
"2009",262,0,0,0,0,0
"2009",263,0,0,0,0,0
"2009",264,0,0,0,0,0
"2009",265,0,0,0,0,0
"2009",266,0,0,0,0,0
"2009",267,0,0,0,0,0
"2009",268,0,0,0,0,0
"2010",140,0,0,0,0,0
"2010",141,0,0,0,0,0
"2010",142,0,0,0,0,0
"2010",143,0,0,0,0,0
"2010",144,0,0,0,0,0
"2010",145,0,0,0,0,0
"2010",146,0,0,0,0,0
"2010",147,0,1,0,0,1
"2010",148,0,0,0,0,0
"2010",149,0,0,0,0,0
"2010",150,0,0,0,0,0
"2010",151,0,0,0,0,0
"2010",152,0,1,0,0,1
"2010",153,0,0,0,0,0
"2010",154,0,1,1,0,0
"2010",155,0,1,1,0,0
"2010",156,0,0,0,0,0
"2010",157,0,1,1,0,1
"2010",158,0,1,1,0,1
"2010",159,0,1,0,0,1
"2010",160,0,1,1,1,0
"2010",161,0,1,0,1,0
"2010",162,0,0,0,0,0
"2010",163,0,0,0,0,0
"2010",164,0,1,1,1,0
"2010",165,0,1,1,0,0
"2010",166,0,1,1,1,0
"2010",167,0,1,1,1,1
"2010",168,0,1,1,1,0
"2010",169,0,1,1,1,0
"2010",170,0,1,1,1,1
"2010",171,0,1,0,0,1
"2010",172,0,0,0,0,0
"2010",173,0,1,1,1,0
"2010",174,0,0,0,0,0
"2010",175,0,1,1,1,0
"2010",176,0,1,1,0,0
"2010",177,0,1,1,1,0
"2010",178,0,1,1,0,1
"2010",179,0,1,1,0,1
"2010",180,0,1,1,1,1
"2010",181,0,1,1,1,1
"2010",182,0,1,0,0,1
"2010",183,0,0,0,0,0
"2010",184,0,1,1,0,0
"2010",185,0,1,1,1,0
"2010",186,0,1,1,0,0
"2010",187,0,1,1,0,0
"2010",188,0,1,0,0,1
"2010",189,0,1,1,1,1
"2010",190,0,0,0,0,0
"2010",191,0,1,1,1,1
"2010",192,0,1,1,0,1
"2010",193,0,1,1,0,1
"2010",194,0,1,1,0,1
"2010",195,0,0,0,0,0
"2010",196,0,1,1,0,0
"2010",197,0,0,0,0,0
"2010",198,0,1,1,0,0
"2010",199,0,1,1,0,1
"2010",200,0,0,0,0,0
"2010",201,0,0,0,0,0
"2010",202,0,1,1,0,1
"2010",203,0,1,1,0,1
"2010",204,0,1,1,0,1
"2010",205,0,1,0,0,1
"2010",206,0,1,1,0,1
"2010",207,0,1,0,0,1
"2010",208,0,1,0,0,1
"2010",209,0,1,1,1,1
"2010",210,0,1,1,1,1
"2010",211,0,0,0,0,0
"2010",212,0,1,1,1,1
"2010",213,0,1,1,0,0
"2010",214,0,0,0,0,0
"2010",215,0,1,1,1,1
"2010",216,0,1,1,1,1
"2010",217,0,0,0,0,0
"2010",218,0,1,0,0,1
"2010",219,0,1,1,1,1
"2010",220,0,0,0,0,0
"2010",221,0,1,1,1,1
"2010",222,0,0,0,0,0
"2010",223,0,0,0,0,0
"2010",224,0,0,0,0,0
"2010",225,0,0,0,0,0
"2010",226,0,0,0,0,0
"2010",227,0,0,0,0,0
"2010",228,0,0,0,0,0
"2010",229,0,0,0,0,0
"2010",230,0,0,0,0,0
"2010",231,0,0,0,0,0
"2010",232,0,0,0,0,0
"2010",233,0,0,0,0,0
"2010",234,0,0,0,0,0
"2010",235,0,0,0,0,0
"2010",236,0,0,0,0,0
"2010",237,0,0,0,0,0
"2010",238,0,0,0,0,0
"2010",239,0,0,0,0,0
"2010",240,0,0,0,0,0
"2010",241,0,0,0,0,0
"2010",242,0,0,0,0,0
"2010",243,0,0,0,0,0
"2010",244,0,0,0,0,0
"2010",245,0,0,0,0,0
"2010",246,0,0,0,0,0
"2010",247,0,0,0,0,0
"2010",248,0,0,0,0,0
"2010",249,0,0,0,0,0
"2010",250,0,0,0,0,0
"2010",251,0,0,0,0,0
"2010",252,0,0,0,0,0
"2010",253,0,0,0,0,0
"2010",254,0,0,0,0,0
"2010",255,0,0,0,0,0
"2010",256,0,0,0,0,0
"2010",257,0,0,0,0,0
"2010",258,0,0,0,0,0
"2010",259,0,0,0,0,0
"2010",260,0,0,0,0,0
"2010",261,0,0,0,0,0
"2010",262,0,0,0,0,0
"2010",263,0,0,0,0,0
"2010",264,0,0,0,0,0
"2010",265,0,0,0,0,0
"2010",266,0,0,0,0,0
"2010",267,0,0,0,0,0
"2010",268,0,0,0,0,0
"2011",140,0,0,0,0,0
"2011",141,0,1,1,0,0
"2011",142,0,0,0,0,0
"2011",143,0,0,0,0,0
"2011",144,0,0,0,0,0
"2011",145,0,0,0,0,0
"2011",146,0,0,0,0,0
"2011",147,0,0,0,0,0
"2011",148,0,0,0,0,0
"2011",149,0,0,0,0,0
"2011",150,0,0,0,0,0
"2011",151,0,0,0,0,0
"2011",152,0,0,0,0,0
"2011",153,0,0,0,0,0
"2011",154,0,0,0,0,0
"2011",155,0,0,0,0,0
"2011",156,0,0,0,0,0
"2011",157,0,0,0,0,0
"2011",158,0,0,0,0,0
"2011",159,0,0,0,0,0
"2011",160,0,0,0,0,0
"2011",161,0,1,1,0,1
"2011",162,0,1,1,0,1
"2011",163,0,1,1,0,0
"2011",164,0,1,1,0,1
"2011",165,0,1,1,0,1
"2011",166,0,0,0,0,0
"2011",167,0,0,0,0,0
"2011",168,0,0,0,0,0
"2011",169,0,1,1,1,0
"2011",170,0,1,1,1,0
"2011",171,0,1,1,1,0
"2011",172,0,0,0,0,0
"2011",173,0,0,0,0,0
"2011",174,0,1,1,1,0
"2011",175,0,0,0,0,0
"2011",176,0,1,1,0,0
"2011",177,0,1,1,0,0
"2011",178,0,0,0,0,0
"2011",179,0,1,1,1,0
"2011",180,0,1,1,1,0
"2011",181,0,0,0,0,0
"2011",182,0,1,1,1,0
"2011",183,0,1,1,1,0
"2011",184,0,0,0,0,0
"2011",185,0,1,1,1,0
"2011",186,0,0,0,0,0
"2011",187,0,0,0,0,0
"2011",188,0,1,1,1,1
"2011",189,0,1,1,1,0
"2011",190,0,1,0,1,0
"2011",191,0,0,0,0,0
"2011",192,0,1,1,1,1
"2011",193,0,1,0,1,1
"2011",194,0,1,1,0,0
"2011",195,0,1,1,0,0
"2011",196,0,0,0,0,0
"2011",197,0,1,1,1,1
"2011",198,0,1,1,1,1
"2011",199,0,1,1,1,1
"2011",200,0,0,0,0,0
"2011",201,0,1,1,1,1
"2011",202,0,0,0,0,0
"2011",203,0,1,1,1,1
"2011",204,0,1,1,1,1
"2011",205,0,0,0,0,0
"2011",206,0,0,0,0,0
"2011",207,0,1,1,1,1
"2011",208,0,1,1,1,0
"2011",209,0,0,0,0,0
"2011",210,0,1,1,1,0
"2011",211,0,1,1,1,0
"2011",212,0,1,1,1,1
"2011",213,0,0,0,0,0
"2011",214,0,0,0,0,0
"2011",215,0,1,1,1,0
"2011",216,0,0,0,0,0
"2011",217,0,1,1,1,1
"2011",218,0,1,1,1,1
"2011",219,0,1,1,1,1
"2011",220,0,0,0,0,0
"2011",221,0,0,0,0,0
"2011",222,0,0,0,0,0
"2011",223,0,0,0,0,0
"2011",224,0,0,0,0,0
"2011",225,0,0,0,0,0
"2011",226,0,0,0,0,0
"2011",227,0,0,0,0,0
"2011",228,0,0,0,0,0
"2011",229,0,0,0,0,0
"2011",230,0,0,0,0,0
"2011",231,0,0,0,0,0
"2011",232,0,0,0,0,0
"2011",233,0,0,0,0,0
"2011",234,0,0,0,0,0
"2011",235,0,0,0,0,0
"2011",236,0,0,0,0,0
"2011",237,0,0,0,0,0
"2011",238,0,0,0,0,0
"2011",239,0,0,0,0,0
"2011",240,0,0,0,0,0
"2011",241,0,0,0,0,0
"2011",242,0,0,0,0,0
"2011",243,0,0,0,0,0
"2011",244,0,0,0,0,0
"2011",245,0,0,0,0,0
"2011",246,0,0,0,0,0
"2011",247,0,0,0,0,0
"2011",248,0,0,0,0,0
"2011",249,0,0,0,0,0
"2011",250,0,0,0,0,0
"2011",251,0,0,0,0,0
"2011",252,0,0,0,0,0
"2011",253,0,0,0,0,0
"2011",254,0,0,0,0,0
"2011",255,0,0,0,0,0
"2011",256,0,0,0,0,0
"2011",257,0,0,0,0,0
"2011",258,0,0,0,0,0
"2011",259,0,0,0,0,0
"2011",260,0,0,0,0,0
"2011",261,0,0,0,0,0
"2011",262,0,0,0,0,0
"2011",263,0,0,0,0,0
"2011",264,0,0,0,0,0
"2011",265,0,0,0,0,0
"2011",266,0,0,0,0,0
"2011",267,0,0,0,0,0
"2011",268,0,0,0,0,0
"2012",140,0,0,0,0,0
"2012",141,0,0,0,0,0
"2012",142,0,0,0,0,0
"2012",143,0,1,1,0,0
"2012",144,0,0,0,0,0
"2012",145,0,0,0,0,0
"2012",146,0,0,0,0,0
"2012",147,0,0,0,0,0
"2012",148,0,0,0,0,0
"2012",149,0,0,0,0,0
"2012",150,0,1,1,1,0
"2012",151,0,0,0,0,0
"2012",152,0,1,1,1,0
"2012",153,0,0,0,0,0
"2012",154,0,0,0,0,0
"2012",155,0,0,0,0,0
"2012",156,0,0,0,0,0
"2012",157,0,0,0,0,0
"2012",158,0,0,0,0,0
"2012",159,0,0,0,0,0
"2012",160,0,1,1,0,0
"2012",161,0,1,1,0,1
"2012",162,0,1,1,1,0
"2012",163,0,0,0,0,0
"2012",164,0,0,0,0,0
"2012",165,0,0,0,0,0
"2012",166,0,0,0,0,0
"2012",167,0,1,1,0,0
"2012",168,0,0,0,0,0
"2012",169,0,1,1,0,0
"2012",170,0,1,1,0,1
"2012",171,0,0,0,0,0
"2012",172,0,0,0,0,0
"2012",173,0,0,0,0,0
"2012",174,0,1,1,0,0
"2012",175,0,1,1,0,0
"2012",176,0,0,0,0,0
"2012",177,0,1,1,0,1
"2012",178,0,0,0,0,0
"2012",179,0,0,0,0,0
"2012",180,0,0,0,0,0
"2012",181,0,0,0,0,0
"2012",182,0,0,0,0,0
"2012",183,0,0,0,0,0
"2012",184,0,0,0,0,0
"2012",185,0,0,0,0,0
"2012",186,0,1,1,0,0
"2012",187,0,1,1,0,0
"2012",188,0,1,1,0,1
"2012",189,0,0,0,0,0
"2012",190,0,1,1,0,1
"2012",191,0,0,0,0,0
"2012",192,0,1,1,0,1
"2012",193,0,1,1,0,1
"2012",194,0,1,1,0,0
"2012",195,0,1,1,0,0
"2012",196,0,1,1,0,0
"2012",197,0,1,1,0,0
"2012",198,0,0,0,0,0
"2012",199,0,1,1,0,0
"2012",200,0,1,1,0,0
"2012",201,0,0,0,0,0
"2012",202,0,1,1,0,1
"2012",203,0,0,0,0,0
"2012",204,0,0,0,0,0
"2012",205,0,1,1,1,0
"2012",206,0,0,0,0,0
"2012",207,0,0,0,0,0
"2012",208,0,0,0,0,0
"2012",209,0,1,1,1,1
"2012",210,0,1,0,0,0
"2012",211,0,0,0,0,0
"2012",212,0,0,0,0,0
"2012",213,0,0,0,0,0
"2012",214,0,0,0,0,0
"2012",215,0,0,0,0,0
"2012",216,0,0,0,0,0
"2012",217,0,0,0,0,0
"2012",218,0,0,0,0,0
"2012",219,0,1,1,0,0
"2012",220,0,0,0,0,0
"2012",221,0,0,0,0,0
"2012",222,0,1,1,0,0
"2012",223,0,1,1,0,0
"2012",224,0,0,0,0,0
"2012",225,0,0,0,0,0
"2012",226,0,0,0,0,0
"2012",227,0,0,0,0,0
"2012",228,0,0,0,0,0
"2012",229,0,0,0,0,0
"2012",230,0,0,0,0,0
"2012",231,0,0,0,0,0
"2012",232,0,0,0,0,0
"2012",233,0,0,0,0,0
"2012",234,0,0,0,0,0
"2012",235,0,0,0,0,0
"2012",236,0,0,0,0,0
"2012",237,0,0,0,0,0
"2012",238,0,0,0,0,0
"2012",239,0,0,0,0,0
"2012",240,0,0,0,0,0
"2012",241,0,0,0,0,0
"2012",242,0,0,0,0,0
"2012",243,0,0,0,0,0
"2012",244,0,0,0,0,0
"2012",245,0,0,0,0,0
"2012",246,0,0,0,0,0
"2012",247,0,0,0,0,0
"2012",248,0,0,0,0,0
"2012",249,0,0,0,0,0
"2012",250,0,0,0,0,0
"2012",251,0,0,0,0,0
"2012",252,0,0,0,0,0
"2012",253,0,0,0,0,0
"2012",254,0,0,0,0,0
"2012",255,0,0,0,0,0
"2012",256,0,0,0,0,0
"2012",257,0,0,0,0,0
"2012",258,0,0,0,0,0
"2012",259,0,0,0,0,0
"2012",260,0,0,0,0,0
"2012",261,0,0,0,0,0
"2012",262,0,0,0,0,0
"2012",263,0,0,0,0,0
"2012",264,0,0,0,0,0
"2012",265,0,0,0,0,0
"2012",266,0,0,0,0,0
"2012",267,0,0,0,0,0
"2012",268,0,0,0,0,0
"2013",140,0,0,0,0,0
"2013",141,0,0,0,0,0
"2013",142,0,0,0,0,0
"2013",143,0,0,0,0,0
"2013",144,0,0,0,0,0
"2013",145,0,0,0,0,0
"2013",146,0,0,0,0,0
"2013",147,0,0,0,0,0
"2013",148,0,0,0,0,0
"2013",149,0,0,0,0,0
"2013",150,0,1,1,0,0
"2013",151,0,1,1,0,0
"2013",152,0,1,1,0,0
"2013",153,0,1,1,0,1
"2013",154,0,0,0,0,0
"2013",155,0,1,1,0,0
"2013",156,0,1,1,0,1
"2013",157,0,0,0,0,0
"2013",158,0,1,1,0,1
"2013",159,0,1,1,0,0
"2013",160,0,1,1,0,0
"2013",161,0,0,0,0,0
"2013",162,0,0,0,0,0
"2013",163,0,0,0,0,0
"2013",164,0,0,0,0,0
"2013",165,0,0,0,0,0
"2013",166,0,0,0,0,0
"2013",167,0,0,0,0,0
"2013",168,0,0,0,0,0
"2013",169,0,1,0,0,1
"2013",170,0,0,0,0,0
"2013",171,0,0,0,0,0
"2013",172,0,0,0,0,0
"2013",173,0,0,0,0,0
"2013",174,0,0,0,0,0
"2013",175,0,0,0,0,0
"2013",176,0,0,0,0,0
"2013",177,0,0,0,0,0
"2013",178,0,0,0,0,0
"2013",179,0,0,0,0,0
"2013",180,0,1,0,0,1
"2013",181,0,0,0,0,0
"2013",182,0,0,0,0,0
"2013",183,0,0,0,0,0
"2013",184,0,0,0,0,0
"2013",185,0,1,0,0,1
"2013",186,0,0,0,0,0
"2013",187,0,0,0,0,0
"2013",188,0,0,0,0,0
"2013",189,0,1,1,1,1
"2013",190,0,1,0,0,1
"2013",191,0,1,1,1,1
"2013",192,0,1,1,1,0
"2013",193,0,0,0,0,0
"2013",194,0,0,0,0,0
"2013",195,0,0,0,0,0
"2013",196,0,0,0,0,0
"2013",197,0,0,0,0,0
"2013",198,0,0,0,0,0
"2013",199,0,0,0,0,0
"2013",200,0,0,0,0,0
"2013",201,0,1,0,1,1
"2013",202,0,0,0,0,0
"2013",203,0,0,0,0,0
"2013",204,0,0,0,0,0
"2013",205,0,0,0,0,0
"2013",206,0,0,0,0,0
"2013",207,0,0,0,0,0
"2013",208,0,0,0,0,0
"2013",209,0,0,0,0,0
"2013",210,0,0,0,0,0
"2013",211,0,0,0,0,0
"2013",212,0,0,0,0,0
"2013",213,0,0,0,0,0
"2013",214,0,0,0,0,0
"2013",215,0,0,0,0,0
"2013",216,0,0,0,0,0
"2013",217,0,0,0,0,0
"2013",218,0,0,0,0,0
"2013",219,0,0,0,0,0
"2013",220,0,0,0,0,0
"2013",221,0,0,0,0,0
"2013",222,0,0,0,0,0
"2013",223,0,0,0,0,0
"2013",224,0,0,0,0,0
"2013",225,0,0,0,0,0
"2013",226,0,0,0,0,0
"2013",227,0,0,0,0,0
"2013",228,0,0,0,0,0
"2013",229,0,0,0,0,0
"2013",230,0,0,0,0,0
"2013",231,0,0,0,0,0
"2013",232,0,0,0,0,0
"2013",233,0,0,0,0,0
"2013",234,0,0,0,0,0
"2013",235,0,0,0,0,0
"2013",236,0,0,0,0,0
"2013",237,0,0,0,0,0
"2013",238,0,0,0,0,0
"2013",239,0,0,0,0,0
"2013",240,0,0,0,0,0
"2013",241,0,0,0,0,0
"2013",242,0,0,0,0,0
"2013",243,0,0,0,0,0
"2013",244,0,0,0,0,0
"2013",245,0,0,0,0,0
"2013",246,0,0,0,0,0
"2013",247,0,0,0,0,0
"2013",248,0,0,0,0,0
"2013",249,0,0,0,0,0
"2013",250,0,0,0,0,0
"2013",251,0,0,0,0,0
"2013",252,0,0,0,0,0
"2013",253,0,0,0,0,0
"2013",254,0,0,0,0,0
"2013",255,0,0,0,0,0
"2013",256,0,0,0,0,0
"2013",257,0,0,0,0,0
"2013",258,0,0,0,0,0
"2013",259,0,0,0,0,0
"2013",260,0,0,0,0,0
"2013",261,0,0,0,0,0
"2013",262,0,0,0,0,0
"2013",263,0,0,0,0,0
"2013",264,0,0,0,0,0
"2013",265,0,0,0,0,0
"2013",266,0,0,0,0,0
"2013",267,0,0,0,0,0
"2013",268,0,0,0,0,0
"2015",140,0,0,0,0,0
"2015",141,0,0,0,0,0
"2015",142,0,0,0,0,0
"2015",143,0,0,0,0,0
"2015",144,0,1,1,0,0
"2015",145,0,0,0,0,0
"2015",146,0,0,0,0,0
"2015",147,0,0,0,0,0
"2015",148,0,0,0,0,0
"2015",149,0,1,1,0,0
"2015",150,0,0,0,0,0
"2015",151,0,0,0,0,0
"2015",152,0,0,0,0,0
"2015",153,0,1,1,0,0
"2015",154,0,0,0,0,0
"2015",155,0,1,0,0,1
"2015",156,0,1,1,0,0
"2015",157,0,1,1,0,0
"2015",158,0,0,0,0,0
"2015",159,0,0,0,0,0
"2015",160,0,0,0,0,0
"2015",161,0,1,1,0,1
"2015",162,0,1,1,0,1
"2015",163,0,1,1,1,0
"2015",164,0,0,0,0,0
"2015",165,0,0,0,0,0
"2015",166,0,0,0,0,0
"2015",167,0,1,1,1,0
"2015",168,0,1,1,1,1
"2015",169,0,0,0,0,0
"2015",170,0,0,0,0,0
"2015",171,0,0,0,0,0
"2015",172,0,0,0,0,0
"2015",173,0,1,1,1,1
"2015",174,0,1,1,1,1
"2015",175,0,1,0,1,1
"2015",176,0,1,1,1,1
"2015",177,0,1,1,1,0
"2015",178,0,1,1,0,0
"2015",179,0,0,0,0,0
"2015",180,0,1,1,1,0
"2015",181,0,1,1,1,0
"2015",182,0,0,0,0,0
"2015",183,0,1,1,1,0
"2015",184,0,0,0,0,0
"2015",185,0,1,1,0,0
"2015",186,0,1,1,1,0
"2015",187,0,0,0,0,0
"2015",188,0,1,1,1,1
"2015",189,0,1,1,0,0
"2015",190,0,1,0,1,0
"2015",191,0,0,0,0,0
"2015",192,0,1,1,0,0
"2015",193,0,1,1,1,0
"2015",194,0,1,1,1,1
"2015",195,0,0,0,0,0
"2015",196,0,1,1,1,0
"2015",197,0,1,1,1,0
"2015",198,0,0,0,0,0
"2015",199,0,1,1,1,0
"2015",200,0,1,1,1,0
"2015",201,0,1,1,1,0
"2015",202,0,1,1,1,0
"2015",203,0,1,0,1,0
"2015",204,0,1,1,0,0
"2015",205,0,1,1,1,1
"2015",206,0,1,1,1,1
"2015",207,0,1,1,1,0
"2015",208,0,0,0,0,0
"2015",209,0,0,0,0,0
"2015",210,0,1,1,1,0
"2015",211,0,1,1,0,0
"2015",212,0,0,0,0,0
"2015",213,0,1,0,1,0
"2015",214,0,1,1,1,0
"2015",215,0,1,1,1,1
"2015",216,0,1,1,1,0
"2015",217,0,0,0,0,0
"2015",218,0,1,1,0,0
"2015",219,0,1,1,1,0
"2015",220,0,0,0,0,0
"2015",221,0,1,0,1,0
"2015",222,0,1,1,1,1
"2015",223,0,1,0,0,1
"2015",224,0,0,0,0,0
"2015",225,0,0,0,0,0
"2015",226,0,0,0,0,0
"2015",227,0,0,0,0,0
"2015",228,0,0,0,0,0
"2015",229,0,0,0,0,0
"2015",230,0,0,0,0,0
"2015",231,0,0,0,0,0
"2015",232,0,0,0,0,0
"2015",233,0,0,0,0,0
"2015",234,0,0,0,0,0
"2015",235,0,0,0,0,0
"2015",236,0,0,0,0,0
"2015",237,0,0,0,0,0
"2015",238,0,0,0,0,0
"2015",239,0,0,0,0,0
"2015",240,0,0,0,0,0
"2015",241,0,0,0,0,0
"2015",242,0,0,0,0,0
"2015",243,0,0,0,0,0
"2015",244,0,0,0,0,0
"2015",245,0,0,0,0,0
"2015",246,0,0,0,0,0
"2015",247,0,0,0,0,0
"2015",248,0,0,0,0,0
"2015",249,0,0,0,0,0
"2015",250,0,0,0,0,0
"2015",251,0,0,0,0,0
"2015",252,0,0,0,0,0
"2015",253,0,0,0,0,0
"2015",254,0,0,0,0,0
"2015",255,0,0,0,0,0
"2015",256,0,0,0,0,0
"2015",257,0,0,0,0,0
"2015",258,0,0,0,0,0
"2015",259,0,0,0,0,0
"2015",260,0,0,0,0,0
"2015",261,0,0,0,0,0
"2015",262,0,0,0,0,0
"2015",263,0,0,0,0,0
"2015",264,0,0,0,0,0
"2015",265,0,0,0,0,0
"2015",266,0,0,0,0,0
"2015",267,0,0,0,0,0
"2015",268,0,0,0,0,0
"2016",140,0,0,0,0,0
"2016",141,0,0,0,0,0
"2016",142,0,0,0,0,0
"2016",143,0,0,0,0,0
"2016",144,0,0,0,0,0
"2016",145,0,0,0,0,0
"2016",146,0,0,0,0,0
"2016",147,0,0,0,0,0
"2016",148,0,0,0,0,0
"2016",149,0,0,0,0,0
"2016",150,0,0,0,0,0
"2016",151,0,0,0,0,0
"2016",152,0,0,0,0,0
"2016",153,0,0,0,0,0
"2016",154,0,0,0,0,0
"2016",155,0,0,0,0,0
"2016",156,0,0,0,0,0
"2016",157,0,1,0,0,1
"2016",158,0,1,1,1,0
"2016",159,0,0,0,0,0
"2016",160,0,0,0,0,0
"2016",161,0,1,1,1,0
"2016",162,0,0,0,0,0
"2016",163,0,0,0,0,0
"2016",164,0,0,0,0,0
"2016",165,0,0,0,0,0
"2016",166,0,0,0,0,0
"2016",167,0,0,0,0,0
"2016",168,0,0,0,0,0
"2016",169,0,0,0,0,0
"2016",170,0,1,0,0,1
"2016",171,0,0,0,0,0
"2016",172,0,0,0,0,0
"2016",173,0,0,0,0,0
"2016",174,0,0,0,0,0
"2016",175,0,0,0,0,0
"2016",176,0,0,0,0,0
"2016",177,0,0,0,0,0
"2016",178,0,0,0,0,0
"2016",179,0,0,0,0,0
"2016",180,0,0,0,0,0
"2016",181,0,0,0,0,0
"2016",182,0,0,0,0,0
"2016",183,0,0,0,0,0
"2016",184,0,0,0,0,0
"2016",185,0,1,1,0,0
"2016",186,0,0,0,0,0
"2016",187,0,0,0,0,0
"2016",188,0,0,0,0,0
"2016",189,0,1,1,0,0
"2016",190,0,1,1,0,0
"2016",191,0,1,1,0,0
"2016",192,0,0,0,0,0
"2016",193,0,0,0,0,0
"2016",194,0,1,1,0,0
"2016",195,0,1,1,0,0
"2016",196,0,1,1,0,1
"2016",197,0,0,0,0,0
"2016",198,0,0,0,0,0
"2016",199,0,0,0,0,0
"2016",200,0,1,1,0,1
"2016",201,0,1,1,0,1
"2016",202,0,1,0,0,1
"2016",203,0,1,1,0,0
"2016",204,0,1,1,0,0
"2016",205,0,0,0,0,0
"2016",206,0,0,0,0,0
"2016",207,0,0,0,0,0
"2016",208,0,1,1,0,0
"2016",209,0,1,1,0,0
"2016",210,0,0,0,0,0
"2016",211,0,0,0,0,0
"2016",212,0,0,0,0,0
"2016",213,0,1,0,0,1
"2016",214,0,0,0,0,0
"2016",215,0,0,0,0,0
"2016",216,0,0,0,0,0
"2016",217,0,0,0,0,0
"2016",218,0,0,0,0,0
"2016",219,0,0,0,0,0
"2016",220,0,0,0,0,0
"2016",221,0,1,0,1,0
"2016",222,0,1,1,1,0
"2016",223,0,0,0,0,0
"2016",224,0,0,0,0,0
"2016",225,0,0,0,0,0
"2016",226,0,0,0,0,0
"2016",227,0,0,0,0,0
"2016",228,0,0,0,0,0
"2016",229,0,0,0,0,0
"2016",230,0,0,0,0,0
"2016",231,0,0,0,0,0
"2016",232,0,0,0,0,0
"2016",233,0,0,0,0,0
"2016",234,0,0,0,0,0
"2016",235,0,0,0,0,0
"2016",236,0,0,0,0,0
"2016",237,0,0,0,0,0
"2016",238,0,0,0,0,0
"2016",239,0,0,0,0,0
"2016",240,0,0,0,0,0
"2016",241,0,0,0,0,0
"2016",242,0,0,0,0,0
"2016",243,0,0,0,0,0
"2016",244,0,0,0,0,0
"2016",245,0,0,0,0,0
"2016",246,0,0,0,0,0
"2016",247,0,0,0,0,0
"2016",248,0,0,0,0,0
"2016",249,0,0,0,0,0
"2016",250,0,0,0,0,0
"2016",251,0,0,0,0,0
"2016",252,0,0,0,0,0
"2016",253,0,0,0,0,0
"2016",254,0,0,0,0,0
"2016",255,0,0,0,0,0
"2016",256,0,0,0,0,0
"2016",257,0,0,0,0,0
"2016",258,0,0,0,0,0
"2016",259,0,0,0,0,0
"2016",260,0,0,0,0,0
"2016",261,0,0,0,0,0
"2016",262,0,0,0,0,0
"2016",263,0,0,0,0,0
"2016",264,0,0,0,0,0
"2016",265,0,0,0,0,0
"2016",266,0,0,0,0,0
"2016",267,0,0,0,0,0
"2016",268,0,0,0,0,0
"2017",140,0,0,0,0,0
"2017",141,0,0,0,0,0
"2017",142,0,0,0,0,0
"2017",143,0,0,0,0,0
"2017",144,0,0,0,0,0
"2017",145,0,0,0,0,0
"2017",146,0,0,0,0,0
"2017",147,0,0,0,0,0
"2017",148,0,0,0,0,0
"2017",149,0,0,0,0,0
"2017",150,0,0,0,0,0
"2017",151,0,1,1,0,0
"2017",152,0,1,1,0,0
"2017",153,0,0,0,0,0
"2017",154,0,0,0,0,0
"2017",155,0,0,0,0,0
"2017",156,0,0,0,0,0
"2017",157,0,0,0,0,0
"2017",158,0,0,0,0,0
"2017",159,0,0,0,0,0
"2017",160,0,0,0,0,0
"2017",161,0,0,0,0,0
"2017",162,0,0,0,0,0
"2017",163,0,0,0,0,0
"2017",164,0,1,0,0,1
"2017",165,0,0,0,0,0
"2017",166,0,0,0,0,0
"2017",167,0,0,0,0,0
"2017",168,0,0,0,0,0
"2017",169,0,0,0,0,0
"2017",170,0,0,0,0,0
"2017",171,0,0,0,0,0
"2017",172,0,0,0,0,0
"2017",173,0,0,0,0,0
"2017",174,0,0,0,0,0
"2017",175,0,0,0,0,0
"2017",176,0,1,1,1,0
"2017",177,0,1,1,1,0
"2017",178,0,0,0,0,0
"2017",179,0,0,0,0,0
"2017",180,0,1,1,1,0
"2017",181,0,0,0,0,0
"2017",182,0,0,0,0,0
"2017",183,0,0,0,0,0
"2017",184,0,0,0,0,0
"2017",185,0,0,0,0,0
"2017",186,0,0,0,0,0
"2017",187,0,0,0,0,0
"2017",188,0,0,0,0,0
"2017",189,0,0,0,0,0
"2017",190,0,0,0,0,0
"2017",191,0,0,0,0,0
"2017",192,0,0,0,0,0
"2017",193,0,0,0,0,0
"2017",194,0,0,0,0,0
"2017",195,0,0,0,0,0
"2017",196,0,0,0,0,0
"2017",197,0,0,0,0,0
"2017",198,0,0,0,0,0
"2017",199,0,1,0,0,1
"2017",200,0,0,0,0,0
"2017",201,0,0,0,0,0
"2017",202,0,0,0,0,0
"2017",203,0,0,0,0,0
"2017",204,0,1,1,0,1
"2017",205,0,0,0,0,0
"2017",206,0,0,0,0,0
"2017",207,0,0,0,0,0
"2017",208,0,0,0,0,0
"2017",209,0,0,0,0,0
"2017",210,0,0,0,0,0
"2017",211,0,0,0,0,0
"2017",212,0,0,0,0,0
"2017",213,0,0,0,0,0
"2017",214,0,0,0,0,0
"2017",215,0,0,0,0,0
"2017",216,0,0,0,0,0
"2017",217,0,0,0,0,0
"2017",218,0,0,0,0,0
"2017",219,0,0,0,0,0
"2017",220,0,0,0,0,0
"2017",221,0,0,0,0,0
"2017",222,0,0,0,0,0
"2017",223,0,0,0,0,0
"2017",224,0,0,0,0,0
"2017",225,0,0,0,0,0
"2017",226,0,0,0,0,0
"2017",227,0,0,0,0,0
"2017",228,0,0,0,0,0
"2017",229,0,0,0,0,0
"2017",230,0,0,0,0,0
"2017",231,0,0,0,0,0
"2017",232,0,0,0,0,0
"2017",233,0,0,0,0,0
"2017",234,0,0,0,0,0
"2017",235,0,0,0,0,0
"2017",236,0,0,0,0,0
"2017",237,0,0,0,0,0
"2017",238,0,0,0,0,0
"2017",239,0,0,0,0,0
"2017",240,0,0,0,0,0
"2017",241,0,0,0,0,0
"2017",242,0,0,0,0,0
"2017",243,0,0,0,0,0
"2017",244,0,0,0,0,0
"2017",245,0,0,0,0,0
"2017",246,0,0,0,0,0
"2017",247,0,0,0,0,0
"2017",248,0,0,0,0,0
"2017",249,0,0,0,0,0
"2017",250,0,0,0,0,0
"2017",251,0,0,0,0,0
"2017",252,0,0,0,0,0
"2017",253,0,0,0,0,0
"2017",254,0,0,0,0,0
"2017",255,0,0,0,0,0
"2017",256,0,0,0,0,0
"2017",257,0,0,0,0,0
"2017",258,0,0,0,0,0
"2017",259,0,0,0,0,0
"2017",260,0,0,0,0,0
"2017",261,0,0,0,0,0
"2017",262,0,0,0,0,0
"2017",263,0,0,0,0,0
"2017",264,0,0,0,0,0
"2017",265,0,0,0,0,0
"2017",266,0,0,0,0,0
"2017",267,0,0,0,0,0
"2017",268,0,0,0,0,0
